{
  "controlId": "MDOAllowedSendersRestricted",
  "name": "Defender for Office 365: Allowed senders/domains not overly permissive (Secure Score)",
  "category": "Email",
  "tier": 1,
  "mode": "report-only",
  "state": "COMPLIANT",
  "reasonCode": "CUSTOM_DETECTOR_EVALUATED",
  "reasonDetail": "Evaluated via Exchange Online (Get-HostedContentFilterPolicy allow lists)",
  "details": {
    "policiesCount": 1,
    "policies": [
      {
        "allowedSendersCount": 0,
        "allowedDomainsCount": 0,
        "identity": "Default"
      }
    ],
    "cmdletsUsed": [
      "Get-HostedContentFilterPolicy"
    ],
    "errors": {},
    "reasonCode": "CUSTOM_DETECTOR_EVALUATED",
    "reasonDetail": "Evaluated via Exchange Online (Get-HostedContentFilterPolicy allow lists)"
  },
  "tenant": "example",
  "durationSeconds": 0.0
}