{
  "tenant": "example",
  "controlId": "CAAdminMFAAllApps",
  "action": "ensure_applied",
  "displayName": "Conditional Access: Require MFA for admins across all apps (ATLAS-owned)",
  "approved": true,
  "mode": "enforce",
  "state": "COMPLIANT",
  "reasonCode": "ENFORCER_EXECUTED",
  "reasonDetail": "Enforcer executed; policy ensured",
  "details": {
    "result": {
      "result": "updated",
      "status": 204,
      "policyId": "90f344f4-d2b2-47e8-a841-cb71e01de2fd",
      "body": null
    },
    "desired": {
      "displayName": "ATLAS - Admin MFA (Report Only)",
      "state": "enabled",
      "conditions": {
        "clientAppTypes": [
          "all"
        ],
        "applications": {
          "includeApplications": [
            "All"
          ]
        },
        "users": {
          "includeUsers": [
            "All"
          ],
          "excludeUsers": [],
          "excludeGroups": [
            "b71bc79f-f89b-45ad-b11f-a839cf2e9829"
          ]
        }
      },
      "grantControls": {
        "operator": "OR",
        "builtInControls": [
          "mfa"
        ]
      }
    },
    "reasonCode": "ENFORCER_EXECUTED",
    "reasonDetail": "Enforcer executed; policy ensured"
  },
  "status": 204,
  "durationSeconds": 1.38
}