{
  "tenant": "example",
  "controlId": "CustomBannedPasswords",
  "action": "detect_only",
  "state": "DRIFTED",
  "displayName": "Entra ID: Custom banned passwords list used (Secure Score)",
  "mode": "detect-only",
  "status": 200,
  "scorePct": 0.0,
  "missingSecureScoreControlIds": null,
  "secureScoreControlId": "aad_custom_banned_passwords",
  "title": "Ensure custom banned passwords lists are used",
  "implementationStatus": "Custom banned passwords lists are: disabled",
  "actionUrl": "https://learn.microsoft.com/en-us/azure/active-directory/authentication/tutorial-configure-custom-password-protection",
  "details": {
    "reasonCode": "DETECT_ONLY_EVALUATED",
    "reasonDetail": "detect-only registry control evaluated via Secure Score"
  },
  "fallbackDetector": null,
  "reason": "detect-only registry control (no enforcement implemented)",
  "reasonCode": "DETECT_ONLY_EVALUATED",
  "reasonDetail": "detect-only registry control evaluated via Secure Score",
  "durationSeconds": 0.0
}