{
  "controlId": "MDOBlockAutoForwarding",
  "name": "Defender for Office 365: Automatic email forwarding blocked (Secure Score)",
  "category": "Email",
  "tier": 2,
  "mode": "report-only",
  "state": "DRIFTED",
  "reasonCode": "CUSTOM_DETECTOR_EVALUATED",
  "reasonDetail": "Evaluated via Exchange Online (AutoForwardEnabled)",
  "details": {
    "policiesCount": 1,
    "policies": [
      {
        "AutoForwardEnabled": true,
        "TNEFEnabled": null,
        "AllowedOOFType": "External",
        "identity": "Default"
      }
    ],
    "cmdletsUsed": [
      "Get-RemoteDomain"
    ],
    "errors": {},
    "reasonCode": "CUSTOM_DETECTOR_EVALUATED",
    "reasonDetail": "Evaluated via Exchange Online (AutoForwardEnabled)"
  },
  "tenant": "example",
  "durationSeconds": 5.92
}