{
  "tenant": "example",
  "controlId": "SwayBlockExternalSharing",
  "action": "detect_only",
  "state": "NOT_EVALUATED",
  "displayName": "Sway: Prevent sharing with people outside the organization (Secure Score)",
  "mode": "detect-only",
  "status": 200,
  "details": {
    "endpoint": "https://admin.microsoft.com/admin/api/settings/apps/Sway",
    "authAttempt": "admin.microsoft.com/.default",
    "httpStatus": 403,
    "responseText": "\"You don\u2019t have permission to access this page or perform this action.\"",
    "reasonCode": "AUTH_FORBIDDEN",
    "reasonDetail": "App/token does not have permission to read Sway settings from the Microsoft 365 admin center endpoint."
  },
  "reason": "App/token does not have permission to read Sway settings from the Microsoft 365 admin center endpoint.",
  "reasonCode": "AUTH_FORBIDDEN",
  "reasonDetail": "App/token does not have permission to read Sway settings from the Microsoft 365 admin center endpoint.",
  "durationSeconds": 0.0
}