{
  "tenant": "example",
  "controlId": "PhishingResistantMfaStrengthGap",
  "action": "detect_only",
  "state": "DRIFTED",
  "displayName": "Entra ID: Phishing-resistant MFA strength required for admins (Secure Score gap only)",
  "mode": "detect-only",
  "status": 200,
  "scorePct": 0.0,
  "missingSecureScoreControlIds": null,
  "secureScoreControlId": "aad_phishing_MFA_strength",
  "title": "Ensure 'Phishing-resistant MFA strength' is required for Administrators",
  "implementationStatus": "Phishing-resistant MFA strength is mFA strength is not yet enabled in the following accounts: \"ATLAS - Admin Phishing-resistant MFA Strength\". To activate this setting, take the following steps.",
  "actionUrl": "https://learn.microsoft.com/en-us/azure/active-directory/identity-protection/howto-identity-protection-configure-mfa-policy",
  "details": {
    "reasonCode": "DETECT_ONLY_EVALUATED",
    "reasonDetail": "detect-only registry control evaluated via Secure Score"
  },
  "fallbackDetector": null,
  "reason": "detect-only registry control (no enforcement implemented)",
  "reasonCode": "DETECT_ONLY_EVALUATED",
  "reasonDetail": "detect-only registry control evaluated via Secure Score",
  "durationSeconds": 0.0
}