{
  "tenant": "example",
  "controlId": "LinkedInConnectionsDisabled",
  "action": "detect_only",
  "state": "DRIFTED",
  "displayName": "Entra ID: LinkedIn account connections disabled (Secure Score)",
  "mode": "detect-only",
  "status": 200,
  "scorePct": 0.0,
  "missingSecureScoreControlIds": null,
  "secureScoreControlId": "aad_linkedin_connection_disables",
  "title": "Ensure 'LinkedIn account connections' is disabled",
  "implementationStatus": "LinkedIn account connections is - Not disabled",
  "actionUrl": "https://learn.microsoft.com/en-us/azure/active-directory/enterprise-users/linkedin-integration",
  "details": {
    "reasonCode": "DETECT_ONLY_EVALUATED",
    "reasonDetail": "detect-only registry control evaluated via Secure Score"
  },
  "fallbackDetector": null,
  "reason": "detect-only registry control (no enforcement implemented)",
  "reasonCode": "DETECT_ONLY_EVALUATED",
  "reasonDetail": "detect-only registry control evaluated via Secure Score",
  "durationSeconds": 0.0
}