{
  "tenant": "example",
  "controlId": "DefenderForIdentityDeployed",
  "action": "detect_only",
  "state": "NOT_EVALUATED",
  "displayName": "Defender for Identity: Sensors installed / deployment started (Secure Score)",
  "mode": "detect-only",
  "status": 424,
  "details": {
    "endpoint": "https://graph.microsoft.com/v1.0/security/identities/sensors",
    "httpStatus": 403,
    "responseText": "{\"error\":{\"code\":\"Forbidden\",\"message\":\"Tenant is not onboarded to Microsoft Defender for Identity. After license is purchased, first login to portal and sensor are required. For more info: https://learn.microsoft.com/en-us/defender-for-identity/deploy/deploy-defender-identity\",\"innerError\":{\"date\":\"2026-01-16T18:48:23\",\"request-id\":\"9afed9fe-9a23-4e49-800a-e74ae6d3ccea\",\"client-request-id\":\"9afed9fe-9a23-4e49-800a-e74ae6d3ccea\"}}}",
    "reasonCode": "AUTH_FORBIDDEN",
    "reasonDetail": "Tenant is not onboarded to Microsoft Defender for Identity (MDI). After licensing, first login to the MDI portal and sensor onboarding are required."
  },
  "reasonCode": "AUTH_FORBIDDEN",
  "reasonDetail": "Tenant is not onboarded to Microsoft Defender for Identity (MDI). After licensing, first login to the MDI portal and sensor onboarding are required.",
  "reason": "Tenant is not onboarded to Microsoft Defender for Identity (MDI). After licensing, first login to the MDI portal and sensor onboarding are required.",
  "durationSeconds": 0.862
}