{
  "tenant_name": "example",
  "tenant_domain": "6twcdy.onmicrosoft.com",
  "spoAdminUrl": "https://6twcdy-admin.sharepoint.com",

  "mode": "report-only",

  "auth": {
    "tenant_id": "d9ff2399-92ca-4e0c-87d0-5769459f2755",
    "client_id": "6f84d16a-480f-4669-bf5f-592f0b4b42d2",
    "client_secret": "IJA8Q~On7YeSaZPkjAO_7OTllU28rNgkdUuGjas7"
  },

  "exclusion_group_name": "ATLAS-Exclude-CA",

  "mdoPresetPolicyLevel": "standard",

  "exo": {
    "appId": "6f84d16a-480f-4669-bf5f-592f0b4b42d2",
    "certThumbprint": "FA85F581A413A5B18653EFDB6734D3BEE60C6DC1"
  },

  "exoPowershell": {
    "appId": "6f84d16a-480f-4669-bf5f-592f0b4b42d2",
    "certificateThumbprint": "FA85F581A413A5B18653EFDB6734D3BEE60C6DC1",
    "organization": "6twcdy.onmicrosoft.com"
  },

  "controls_enabled": {
    "identity.risky_signin_mfa": true,
    "identity.risky_user_password": true,
    "identity.admin_mfa": true
  },

  "breakGlassGroupId": "b71bc79f-f89b-45ad-b11f-a839cf2e9829",
  "break_glass_group_id": "b71bc79f-f89b-45ad-b11f-a839cf2e9829",

  "spoAppAuth": {
    "clientId": "0c35c4bb-c4c1-4b68-9e86-7a17495391e2",
    "tenantId": "d9ff2399-92ca-4e0c-87d0-5769459f2755",
    "certificateThumbprint": "78DE0CC5BDC285D499AFEC9D29EE1EEAEB9B8A5D"
  
  },
  "mcas": {
    "apiUrl": "https://6twcdy.eu2.portal.cloudappsecurity.com"
}


  
}
