{
  "tenant": "example",
  "generatedAt": "2026-01-16_15-21-00",
  "counts": {
    "ENFORCER_IMPLEMENTED": 16,
    "CUSTOM_DETECTOR_IMPLEMENTED": 75,
    "GAP_ONLY": 2
  },
  "rows": [
    {
      "id": "AdminOwnedAppsRestricted",
      "name": "Restrict user owned apps and services",
      "category": "Apps",
      "tier": 1,
      "detectOnly": true,
      "gapOnly": false,
      "approvalRequired": false,
      "default_mode": "detect-only",
      "secureScoreControlIds": [
        "admincenter_owned_apps_and_services"
      ],
      "secureScoreIdsMissingInTenantSnapshot": [],
      "capability": "CUSTOM_DETECTOR_IMPLEMENTED",
      "capabilityReason": "Bespoke detector path exists in main.py"
    },
    {
      "id": "AuditLogSearchEnabled",
      "name": "Enable unified audit log search",
      "category": "M365",
      "tier": 1,
      "detectOnly": true,
      "gapOnly": false,
      "approvalRequired": false,
      "default_mode": "detect-only",
      "secureScoreControlIds": [
        "mip_search_auditlog"
      ],
      "secureScoreIdsMissingInTenantSnapshot": [],
      "capability": "CUSTOM_DETECTOR_IMPLEMENTED",
      "capabilityReason": "Bespoke detector path exists in main.py"
    },
    {
      "id": "BlockLegacyAuthenticationStatus",
      "name": "Legacy authentication blocked (status check)",
      "category": "Identity",
      "tier": 1,
      "detectOnly": true,
      "gapOnly": false,
      "approvalRequired": false,
      "default_mode": null,
      "secureScoreControlIds": [
        "blocklegacyauthentication"
      ],
      "secureScoreIdsMissingInTenantSnapshot": [],
      "capability": "CUSTOM_DETECTOR_IMPLEMENTED",
      "capabilityReason": "Bespoke detector path exists in main.py"
    },
    {
      "id": "EXOCalendarExternalSharingDisabled",
      "name": "Exchange Online: Ensure external calendar sharing is not available (Secure Score)",
      "category": "Email",
      "tier": 1,
      "detectOnly": true,
      "gapOnly": false,
      "approvalRequired": false,
      "default_mode": "detect-only",
      "secureScoreControlIds": [
        "exo_individualsharing"
      ],
      "secureScoreIdsMissingInTenantSnapshot": [],
      "capability": "CUSTOM_DETECTOR_IMPLEMENTED",
      "capabilityReason": "Bespoke detector path exists in main.py"
    },
    {
      "id": "EXOMailTipsEnabled",
      "name": "Exchange Online: Ensure MailTips are enabled for end users (Secure Score)",
      "category": "Email",
      "tier": 1,
      "detectOnly": true,
      "gapOnly": false,
      "approvalRequired": false,
      "default_mode": "detect-only",
      "secureScoreControlIds": [
        "exo_mailtipsenabled"
      ],
      "secureScoreIdsMissingInTenantSnapshot": [],
      "capability": "CUSTOM_DETECTOR_IMPLEMENTED",
      "capabilityReason": "Bespoke detector path exists in main.py"
    },
    {
      "id": "EXOOutlookAddinsBlocked",
      "name": "Exchange Online: Ensure users installing Outlook add-ins is not allowed (Secure Score)",
      "category": "Email",
      "tier": 1,
      "detectOnly": true,
      "gapOnly": false,
      "approvalRequired": false,
      "default_mode": "detect-only",
      "secureScoreControlIds": [
        "exo_outlookaddins"
      ],
      "secureScoreIdsMissingInTenantSnapshot": [],
      "capability": "CUSTOM_DETECTOR_IMPLEMENTED",
      "capabilityReason": "Bespoke detector path exists in main.py"
    },
    {
      "id": "EXOSPFRecordsAllDomains",
      "name": "Exchange Online: SPF records published for all domains",
      "category": "Email",
      "tier": 1,
      "detectOnly": true,
      "gapOnly": false,
      "approvalRequired": false,
      "default_mode": null,
      "secureScoreControlIds": [
        "exo_spf_records_for_all_domains"
      ],
      "secureScoreIdsMissingInTenantSnapshot": [],
      "capability": "CUSTOM_DETECTOR_IMPLEMENTED",
      "capabilityReason": "Bespoke detector path exists in main.py"
    },
    {
      "id": "EXOStorageProvidersRestricted",
      "name": "Exchange Online: Restrict additional storage providers in Outlook on the web (Secure Score)",
      "category": "Email",
      "tier": 1,
      "detectOnly": true,
      "gapOnly": false,
      "approvalRequired": false,
      "default_mode": "detect-only",
      "secureScoreControlIds": [
        "exo_storageproviderrestricted"
      ],
      "secureScoreIdsMissingInTenantSnapshot": [],
      "capability": "CUSTOM_DETECTOR_IMPLEMENTED",
      "capabilityReason": "Bespoke detector path exists in main.py"
    },
    {
      "id": "GlobalAdminCountOptimised",
      "name": "Limit number of Global Administrators",
      "category": "Identity",
      "tier": 1,
      "detectOnly": true,
      "gapOnly": false,
      "approvalRequired": false,
      "default_mode": "detect-only",
      "secureScoreControlIds": [
        "oneadmin"
      ],
      "secureScoreIdsMissingInTenantSnapshot": [],
      "capability": "CUSTOM_DETECTOR_IMPLEMENTED",
      "capabilityReason": "Bespoke detector path exists in main.py"
    },
    {
      "id": "IntegratedAppsRestricted",
      "name": "Restrict integrated applications access",
      "category": "Identity",
      "tier": 1,
      "detectOnly": true,
      "gapOnly": false,
      "approvalRequired": false,
      "default_mode": "detect-only",
      "secureScoreControlIds": [
        "integratedapps"
      ],
      "secureScoreIdsMissingInTenantSnapshot": [],
      "capability": "CUSTOM_DETECTOR_IMPLEMENTED",
      "capabilityReason": "Bespoke detector path exists in main.py"
    },
    {
      "id": "LinkedInConnectionsDisabled",
      "name": "Entra ID: LinkedIn account connections disabled (Secure Score)",
      "category": "Identity",
      "tier": 1,
      "detectOnly": true,
      "gapOnly": false,
      "approvalRequired": false,
      "default_mode": "detect-only",
      "secureScoreControlIds": [
        "aad_linkedin_connection_disables"
      ],
      "secureScoreIdsMissingInTenantSnapshot": [],
      "capability": "CUSTOM_DETECTOR_IMPLEMENTED",
      "capabilityReason": "Bespoke detector path exists in main.py"
    },
    {
      "id": "MDETamperProtectionStatus",
      "name": "Defender for Endpoint tamper protection enabled (status check)",
      "category": "Endpoint",
      "tier": 1,
      "detectOnly": true,
      "gapOnly": false,
      "approvalRequired": false,
      "default_mode": null,
      "secureScoreControlIds": [],
      "secureScoreIdsMissingInTenantSnapshot": [],
      "capability": "CUSTOM_DETECTOR_IMPLEMENTED",
      "capabilityReason": "Bespoke detector path exists in main.py"
    },
    {
      "id": "MDOAllowedSendersRestricted",
      "name": "Defender for Office 365: Allowed senders/domains not overly permissive (Secure Score)",
      "category": "Email",
      "tier": 1,
      "detectOnly": true,
      "gapOnly": false,
      "approvalRequired": false,
      "default_mode": null,
      "secureScoreControlIds": [
        "mdo_allowedsenderscombined"
      ],
      "secureScoreIdsMissingInTenantSnapshot": [],
      "capability": "CUSTOM_DETECTOR_IMPLEMENTED",
      "capabilityReason": "Bespoke detector path exists in main.py"
    },
    {
      "id": "MDOBulkComplaintLevelThreshold",
      "name": "Defender for Office 365: Set BCL threshold to 6 or lower (Secure Score)",
      "category": "Apps",
      "tier": 1,
      "detectOnly": true,
      "gapOnly": false,
      "approvalRequired": false,
      "default_mode": "detect-only",
      "secureScoreControlIds": [
        "mdo_bulkcomplaintlevel",
        "mdo_bulkthreshold"
      ],
      "secureScoreIdsMissingInTenantSnapshot": [
        "mdo_bulkcomplaintlevel"
      ],
      "capability": "CUSTOM_DETECTOR_IMPLEMENTED",
      "capabilityReason": "Bespoke detector path exists in main.py"
    },
    {
      "id": "MDOBulkSpamAction",
      "name": "Defender for Office 365: Action for bulk spam detection (Secure Score)",
      "category": "Apps",
      "tier": 1,
      "detectOnly": true,
      "gapOnly": false,
      "approvalRequired": false,
      "default_mode": "detect-only",
      "secureScoreControlIds": [
        "mdo_bulkspamaction"
      ],
      "secureScoreIdsMissingInTenantSnapshot": [],
      "capability": "CUSTOM_DETECTOR_IMPLEMENTED",
      "capabilityReason": "Bespoke detector path exists in main.py"
    },
    {
      "id": "MDOHighConfidenceSpamAction",
      "name": "Defender for Office 365: Action for high confidence spam (Secure Score)",
      "category": "Apps",
      "tier": 1,
      "detectOnly": true,
      "gapOnly": false,
      "approvalRequired": false,
      "default_mode": "detect-only",
      "secureScoreControlIds": [
        "mdo_highconfidencespamaction"
      ],
      "secureScoreIdsMissingInTenantSnapshot": [],
      "capability": "CUSTOM_DETECTOR_IMPLEMENTED",
      "capabilityReason": "Bespoke detector path exists in main.py"
    },
    {
      "id": "MDOPhishingAction",
      "name": "Defender for Office 365: Action for phishing detection (Secure Score)",
      "category": "Apps",
      "tier": 1,
      "detectOnly": true,
      "gapOnly": false,
      "approvalRequired": false,
      "default_mode": "detect-only",
      "secureScoreControlIds": [
        "mdo_highconfidencephishaction",
        "mdo_phisspamacation"
      ],
      "secureScoreIdsMissingInTenantSnapshot": [],
      "capability": "CUSTOM_DETECTOR_IMPLEMENTED",
      "capabilityReason": "Bespoke detector path exists in main.py"
    },
    {
      "id": "MDOQuarantineRetentionPeriod",
      "name": "Defender for Office 365: Quarantine retention period configured (Secure Score)",
      "category": "Email",
      "tier": 1,
      "detectOnly": true,
      "gapOnly": false,
      "approvalRequired": false,
      "default_mode": null,
      "secureScoreControlIds": [
        "mdo_quarantineretentionperiod"
      ],
      "secureScoreIdsMissingInTenantSnapshot": [],
      "capability": "CUSTOM_DETECTOR_IMPLEMENTED",
      "capabilityReason": "Bespoke detector path exists in main.py"
    },
    {
      "id": "MDOSafeDocumentsEnabled",
      "name": "Defender for Office 365: Turn on Safe Documents for Office clients (Secure Score)",
      "category": "Email",
      "tier": 1,
      "detectOnly": true,
      "gapOnly": false,
      "approvalRequired": false,
      "default_mode": "detect-only",
      "secureScoreControlIds": [
        "mdo_safedocuments"
      ],
      "secureScoreIdsMissingInTenantSnapshot": [],
      "capability": "CUSTOM_DETECTOR_IMPLEMENTED",
      "capabilityReason": "Bespoke detector path exists in main.py"
    },
    {
      "id": "MDOSafeLinksOfficeApps",
      "name": "Defender for Office 365: Safe Links enabled for Office applications (Secure Score)",
      "category": "Email",
      "tier": 1,
      "detectOnly": true,
      "gapOnly": false,
      "approvalRequired": false,
      "default_mode": null,
      "secureScoreControlIds": [
        "mdo_safelinksforofficeapps"
      ],
      "secureScoreIdsMissingInTenantSnapshot": [],
      "capability": "CUSTOM_DETECTOR_IMPLEMENTED",
      "capabilityReason": "Bespoke detector path exists in main.py"
    },
    {
      "id": "MDOSafetyTipsEnabled",
      "name": "Defender for Office 365: Impersonation safety tips enabled (Secure Score)",
      "category": "Email",
      "tier": 1,
      "detectOnly": true,
      "gapOnly": false,
      "approvalRequired": false,
      "default_mode": null,
      "secureScoreControlIds": [
        "mdo_similardomainssafetytips",
        "mdo_similaruserssafetytips",
        "mdo_unusualcharacterssafetytips"
      ],
      "secureScoreIdsMissingInTenantSnapshot": [],
      "capability": "CUSTOM_DETECTOR_IMPLEMENTED",
      "capabilityReason": "Bespoke detector path exists in main.py"
    },
    {
      "id": "MDOSpamNotificationsAdminsOnly",
      "name": "Defender for Office 365: Spam notifications sent only to admins (Secure Score)",
      "category": "Email",
      "tier": 1,
      "detectOnly": true,
      "gapOnly": false,
      "approvalRequired": false,
      "default_mode": null,
      "secureScoreControlIds": [
        "mdo_spam_notifications_only_for_admins"
      ],
      "secureScoreIdsMissingInTenantSnapshot": [],
      "capability": "CUSTOM_DETECTOR_IMPLEMENTED",
      "capabilityReason": "Bespoke detector path exists in main.py"
    },
    {
      "id": "MDOThresholdReachedAction",
      "name": "Defender for Office 365: Block users who reached message limit (Secure Score)",
      "category": "Apps",
      "tier": 1,
      "detectOnly": true,
      "gapOnly": false,
      "approvalRequired": false,
      "default_mode": "detect-only",
      "secureScoreControlIds": [
        "mdo_thresholdreachedaction"
      ],
      "secureScoreIdsMissingInTenantSnapshot": [],
      "capability": "CUSTOM_DETECTOR_IMPLEMENTED",
      "capabilityReason": "Bespoke detector path exists in main.py"
    },
    {
      "id": "MailboxAuditingEnabled",
      "name": "Ensure mailbox auditing is enabled for all users",
      "category": "M365",
      "tier": 1,
      "detectOnly": true,
      "gapOnly": false,
      "approvalRequired": false,
      "default_mode": "detect-only",
      "secureScoreControlIds": [
        "exo_mailboxaudit"
      ],
      "secureScoreIdsMissingInTenantSnapshot": [],
      "capability": "CUSTOM_DETECTOR_IMPLEMENTED",
      "capabilityReason": "Bespoke detector path exists in main.py"
    },
    {
      "id": "OneDriveBlockSyncUnmanagedDevices",
      "name": "OneDrive: Block sync from unmanaged devices (Secure Score)",
      "category": "Apps",
      "tier": 1,
      "detectOnly": true,
      "gapOnly": false,
      "approvalRequired": false,
      "default_mode": "detect-only",
      "secureScoreControlIds": [
        "spo_block_onedrive_sync_unmanaged_devices"
      ],
      "secureScoreIdsMissingInTenantSnapshot": [],
      "capability": "CUSTOM_DETECTOR_IMPLEMENTED",
      "capabilityReason": "Bespoke detector path exists in main.py"
    },
    {
      "id": "RoleOverlap",
      "name": "Use least privileged administrative roles",
      "category": "Identity",
      "tier": 1,
      "detectOnly": true,
      "gapOnly": false,
      "approvalRequired": false,
      "default_mode": "detect-only",
      "secureScoreControlIds": [
        "roleoverlap"
      ],
      "secureScoreIdsMissingInTenantSnapshot": [],
      "capability": "CUSTOM_DETECTOR_IMPLEMENTED",
      "capabilityReason": "Bespoke detector path exists in main.py"
    },
    {
      "id": "SharePointDefaultLinkTypeRestricted",
      "name": "SharePoint: Default link type restricted (Secure Score)",
      "category": "Collaboration",
      "tier": 1,
      "detectOnly": true,
      "gapOnly": false,
      "approvalRequired": false,
      "default_mode": null,
      "secureScoreControlIds": [
        "spo_default_link_type"
      ],
      "secureScoreIdsMissingInTenantSnapshot": [
        "spo_default_link_type"
      ],
      "capability": "CUSTOM_DETECTOR_IMPLEMENTED",
      "capabilityReason": "Bespoke detector path exists in main.py"
    },
    {
      "id": "SharePointExternalSharingManaged",
      "name": "SharePoint: External sharing managed via domain allow/deny list (Secure Score)",
      "category": "Apps",
      "tier": 1,
      "detectOnly": true,
      "gapOnly": false,
      "approvalRequired": false,
      "default_mode": "detect-only",
      "secureScoreControlIds": [
        "spo_external_sharing_managed"
      ],
      "secureScoreIdsMissingInTenantSnapshot": [],
      "capability": "CUSTOM_DETECTOR_IMPLEMENTED",
      "capabilityReason": "Bespoke detector path exists in main.py"
    },
    {
      "id": "SharePointGuestUsersCannotReshare",
      "name": "SharePoint: Guest users cannot share items they don't own (Secure Score)",
      "category": "Apps",
      "tier": 1,
      "detectOnly": true,
      "gapOnly": false,
      "approvalRequired": false,
      "default_mode": "detect-only",
      "secureScoreControlIds": [
        "spo_external_users_sharing"
      ],
      "secureScoreIdsMissingInTenantSnapshot": [],
      "capability": "CUSTOM_DETECTOR_IMPLEMENTED",
      "capabilityReason": "Bespoke detector path exists in main.py"
    },
    {
      "id": "SharePointIdleSessionTimeout",
      "name": "Sign out inactive users in SharePoint Online",
      "category": "Apps",
      "tier": 1,
      "detectOnly": true,
      "gapOnly": false,
      "approvalRequired": false,
      "default_mode": "detect-only",
      "secureScoreControlIds": [
        "spo_idle_session_timeout"
      ],
      "secureScoreIdsMissingInTenantSnapshot": [],
      "capability": "CUSTOM_DETECTOR_IMPLEMENTED",
      "capabilityReason": "Bespoke detector path exists in main.py"
    },
    {
      "id": "SharePointLinkExpirationConfigured",
      "name": "SharePoint: Anonymous link expiration configured (Secure Score)",
      "category": "Collaboration",
      "tier": 1,
      "detectOnly": true,
      "gapOnly": false,
      "approvalRequired": false,
      "default_mode": null,
      "secureScoreControlIds": [
        "spo_anonymous_link_expiration"
      ],
      "secureScoreIdsMissingInTenantSnapshot": [
        "spo_anonymous_link_expiration"
      ],
      "capability": "CUSTOM_DETECTOR_IMPLEMENTED",
      "capabilityReason": "Bespoke detector path exists in main.py"
    },
    {
      "id": "SharePointModernAuthRequired",
      "name": "Require modern authentication for SharePoint applications",
      "category": "Apps",
      "tier": 1,
      "detectOnly": true,
      "gapOnly": false,
      "approvalRequired": false,
      "default_mode": "detect-only",
      "secureScoreControlIds": [
        "spo_legacy_auth"
      ],
      "secureScoreIdsMissingInTenantSnapshot": [],
      "capability": "CUSTOM_DETECTOR_IMPLEMENTED",
      "capabilityReason": "Bespoke detector path exists in main.py"
    },
    {
      "id": "SwayBlockExternalSharing",
      "name": "Sway: Prevent sharing with people outside the organization (Secure Score)",
      "category": "Apps",
      "tier": 1,
      "detectOnly": true,
      "gapOnly": false,
      "approvalRequired": false,
      "default_mode": "detect-only",
      "secureScoreControlIds": [
        "sway_block_sharing_with_outside_users"
      ],
      "secureScoreIdsMissingInTenantSnapshot": [],
      "capability": "CUSTOM_DETECTOR_IMPLEMENTED",
      "capabilityReason": "Bespoke detector path exists in main.py"
    },
    {
      "id": "TeamsAutoAdmitInvitedOnly",
      "name": "Teams: Only invited users should be automatically admitted (Secure Score)",
      "category": "Apps",
      "tier": 1,
      "detectOnly": true,
      "gapOnly": false,
      "approvalRequired": false,
      "default_mode": "detect-only",
      "secureScoreControlIds": [
        "meeting_autoadmitusers_v1"
      ],
      "secureScoreIdsMissingInTenantSnapshot": [],
      "capability": "CUSTOM_DETECTOR_IMPLEMENTED",
      "capabilityReason": "Bespoke detector path exists in main.py"
    },
    {
      "id": "TeamsDesignatedPresenterConfigured",
      "name": "Teams: Configure which users are allowed to present (Secure Score)",
      "category": "Apps",
      "tier": 1,
      "detectOnly": true,
      "gapOnly": false,
      "approvalRequired": false,
      "default_mode": "detect-only",
      "secureScoreControlIds": [
        "meeting_designatedpresenter_v1"
      ],
      "secureScoreIdsMissingInTenantSnapshot": [],
      "capability": "CUSTOM_DETECTOR_IMPLEMENTED",
      "capabilityReason": "Bespoke detector path exists in main.py"
    },
    {
      "id": "TeamsLimitExternalControl",
      "name": "Teams: Limit external participants from having control (Secure Score)",
      "category": "Apps",
      "tier": 1,
      "detectOnly": true,
      "gapOnly": false,
      "approvalRequired": false,
      "default_mode": "detect-only",
      "secureScoreControlIds": [
        "meeting_externalrequestcontrol_v1"
      ],
      "secureScoreIdsMissingInTenantSnapshot": [],
      "capability": "CUSTOM_DETECTOR_IMPLEMENTED",
      "capabilityReason": "Bespoke detector path exists in main.py"
    },
    {
      "id": "TeamsRestrictAnonymousJoin",
      "name": "Teams: Restrict anonymous users from joining meetings (Secure Score)",
      "category": "Apps",
      "tier": 1,
      "detectOnly": true,
      "gapOnly": false,
      "approvalRequired": false,
      "default_mode": "detect-only",
      "secureScoreControlIds": [
        "meeting_restrictanonymousjoin_v1"
      ],
      "secureScoreIdsMissingInTenantSnapshot": [],
      "capability": "CUSTOM_DETECTOR_IMPLEMENTED",
      "capabilityReason": "Bespoke detector path exists in main.py"
    },
    {
      "id": "TeamsRestrictAnonymousStartMeeting",
      "name": "Teams: Restrict anonymous users from starting meetings (Secure Score)",
      "category": "Apps",
      "tier": 1,
      "detectOnly": true,
      "gapOnly": false,
      "approvalRequired": false,
      "default_mode": "detect-only",
      "secureScoreControlIds": [
        "meeting_anonymousstartmeeting_v1"
      ],
      "secureScoreIdsMissingInTenantSnapshot": [],
      "capability": "CUSTOM_DETECTOR_IMPLEMENTED",
      "capabilityReason": "Bespoke detector path exists in main.py"
    },
    {
      "id": "TeamsRestrictDialInBypassLobby",
      "name": "Teams: Restrict dial-in users from bypassing lobby (Secure Score)",
      "category": "Apps",
      "tier": 1,
      "detectOnly": true,
      "gapOnly": false,
      "approvalRequired": false,
      "default_mode": "detect-only",
      "secureScoreControlIds": [
        "meeting_pstnusersbypasslobby_v1"
      ],
      "secureScoreIdsMissingInTenantSnapshot": [],
      "capability": "CUSTOM_DETECTOR_IMPLEMENTED",
      "capabilityReason": "Bespoke detector path exists in main.py"
    },
    {
      "id": "AdminAccountsSeparateCloudOnly",
      "name": "Entra ID: Separate cloud-only admin accounts (Secure Score)",
      "category": "Identity",
      "tier": 2,
      "detectOnly": true,
      "gapOnly": false,
      "approvalRequired": false,
      "default_mode": "detect-only",
      "secureScoreControlIds": [
        "aad_admin_accounts_separate_unassigned_cloud_only"
      ],
      "secureScoreIdsMissingInTenantSnapshot": [],
      "capability": "CUSTOM_DETECTOR_IMPLEMENTED",
      "capabilityReason": "Bespoke detector path exists in main.py"
    },
    {
      "id": "AdminConsentWorkflowEnabled",
      "name": "Entra ID: Admin consent workflow enabled (Secure Score)",
      "category": "Identity",
      "tier": 2,
      "detectOnly": true,
      "gapOnly": false,
      "approvalRequired": false,
      "default_mode": "detect-only",
      "secureScoreControlIds": [
        "aad_admin_consent_workflow"
      ],
      "secureScoreIdsMissingInTenantSnapshot": [],
      "capability": "CUSTOM_DETECTOR_IMPLEMENTED",
      "capabilityReason": "Bespoke detector path exists in main.py"
    },
    {
      "id": "CustomBannedPasswords",
      "name": "Entra ID: Custom banned passwords list used (Secure Score)",
      "category": "Identity",
      "tier": 2,
      "detectOnly": true,
      "gapOnly": false,
      "approvalRequired": false,
      "default_mode": "detect-only",
      "secureScoreControlIds": [
        "aad_custom_banned_passwords"
      ],
      "secureScoreIdsMissingInTenantSnapshot": [],
      "capability": "CUSTOM_DETECTOR_IMPLEMENTED",
      "capabilityReason": "Bespoke detector path exists in main.py"
    },
    {
      "id": "CustomerLockboxEnabled",
      "name": "Microsoft 365: Customer Lockbox enabled (Secure Score)",
      "category": "Apps",
      "tier": 2,
      "detectOnly": true,
      "gapOnly": false,
      "approvalRequired": false,
      "default_mode": "detect-only",
      "secureScoreControlIds": [
        "customerlockboxenabled"
      ],
      "secureScoreIdsMissingInTenantSnapshot": [],
      "capability": "CUSTOM_DETECTOR_IMPLEMENTED",
      "capabilityReason": "Bespoke detector path exists in main.py"
    },
    {
      "id": "DefenderForIdentityDeployed",
      "name": "Defender for Identity: Sensors installed / deployment started (Secure Score)",
      "category": "Identity",
      "tier": 2,
      "detectOnly": true,
      "gapOnly": false,
      "approvalRequired": false,
      "default_mode": "detect-only",
      "secureScoreControlIds": [
        "aatp_defenderforidentityisnotinstalled"
      ],
      "secureScoreIdsMissingInTenantSnapshot": [],
      "capability": "CUSTOM_DETECTOR_IMPLEMENTED",
      "capabilityReason": "Bespoke detector path exists in main.py"
    },
    {
      "id": "EXODKIMEnabledAllDomains",
      "name": "Exchange Online: DKIM enabled for all custom domains",
      "category": "Email",
      "tier": 2,
      "detectOnly": true,
      "gapOnly": false,
      "approvalRequired": false,
      "default_mode": null,
      "secureScoreControlIds": [],
      "secureScoreIdsMissingInTenantSnapshot": [],
      "capability": "CUSTOM_DETECTOR_IMPLEMENTED",
      "capabilityReason": "Bespoke detector path exists in main.py"
    },
    {
      "id": "EXODMARCAllDomains",
      "name": "Email: DMARC record exists for all custom domains",
      "category": "Email",
      "tier": 2,
      "detectOnly": true,
      "gapOnly": false,
      "approvalRequired": false,
      "default_mode": null,
      "secureScoreControlIds": [],
      "secureScoreIdsMissingInTenantSnapshot": [],
      "capability": "CUSTOM_DETECTOR_IMPLEMENTED",
      "capabilityReason": "Bespoke detector path exists in main.py"
    },
    {
      "id": "LimitedAdminRolesAzureManagement",
      "name": "Entra ID: Microsoft Azure Management limited to admin roles (Secure Score)",
      "category": "Identity",
      "tier": 2,
      "detectOnly": true,
      "gapOnly": false,
      "approvalRequired": false,
      "default_mode": "detect-only",
      "secureScoreControlIds": [
        "aad_limited_administrative_roles"
      ],
      "secureScoreIdsMissingInTenantSnapshot": [],
      "capability": "CUSTOM_DETECTOR_IMPLEMENTED",
      "capabilityReason": "Bespoke detector path exists in main.py"
    },
    {
      "id": "MDOAntiMalware",
      "name": "Defender for Office 365: Anti-malware configured",
      "category": "Email",
      "tier": 2,
      "detectOnly": true,
      "gapOnly": false,
      "approvalRequired": false,
      "default_mode": null,
      "secureScoreControlIds": [],
      "secureScoreIdsMissingInTenantSnapshot": [],
      "capability": "CUSTOM_DETECTOR_IMPLEMENTED",
      "capabilityReason": "Bespoke detector path exists in main.py"
    },
    {
      "id": "MDOAntiPhish",
      "name": "Defender for Office 365: Anti-phish configured (status check)",
      "category": "Email",
      "tier": 2,
      "detectOnly": true,
      "gapOnly": false,
      "approvalRequired": false,
      "default_mode": null,
      "secureScoreControlIds": [],
      "secureScoreIdsMissingInTenantSnapshot": [],
      "capability": "CUSTOM_DETECTOR_IMPLEMENTED",
      "capabilityReason": "Bespoke detector path exists in main.py"
    },
    {
      "id": "MDOAntiPhishingPoliciesTuned",
      "name": "Defender for Office 365: Anti-phishing policies tuned beyond defaults (Secure Score)",
      "category": "Email",
      "tier": 2,
      "detectOnly": true,
      "gapOnly": false,
      "approvalRequired": false,
      "default_mode": null,
      "secureScoreControlIds": [
        "mdo_antiphishingpolicies"
      ],
      "secureScoreIdsMissingInTenantSnapshot": [],
      "capability": "CUSTOM_DETECTOR_IMPLEMENTED",
      "capabilityReason": "Bespoke detector path exists in main.py"
    },
    {
      "id": "MDOAntiSpam",
      "name": "Defender for Office 365: Anti-spam configured",
      "category": "Email",
      "tier": 2,
      "detectOnly": true,
      "gapOnly": false,
      "approvalRequired": false,
      "default_mode": null,
      "secureScoreControlIds": [],
      "secureScoreIdsMissingInTenantSnapshot": [],
      "capability": "CUSTOM_DETECTOR_IMPLEMENTED",
      "capabilityReason": "Bespoke detector path exists in main.py"
    },
    {
      "id": "MDOBlockAutoForwarding",
      "name": "Defender for Office 365: Automatic email forwarding blocked (Secure Score)",
      "category": "Email",
      "tier": 2,
      "detectOnly": true,
      "gapOnly": false,
      "approvalRequired": false,
      "default_mode": null,
      "secureScoreControlIds": [
        "mdo_blockmailforward"
      ],
      "secureScoreIdsMissingInTenantSnapshot": [],
      "capability": "CUSTOM_DETECTOR_IMPLEMENTED",
      "capabilityReason": "Bespoke detector path exists in main.py"
    },
    {
      "id": "MDOMailboxIntelligenceActionsConfigured",
      "name": "Defender for Office 365: Mailbox intelligence actions configured (Secure Score)",
      "category": "Email",
      "tier": 2,
      "detectOnly": true,
      "gapOnly": false,
      "approvalRequired": false,
      "default_mode": null,
      "secureScoreControlIds": [
        "mdo_mailboxintelligenceprotectionaction"
      ],
      "secureScoreIdsMissingInTenantSnapshot": [],
      "capability": "CUSTOM_DETECTOR_IMPLEMENTED",
      "capabilityReason": "Bespoke detector path exists in main.py"
    },
    {
      "id": "MDOMailboxIntelligenceProtection",
      "name": "Defender for Office 365: Enable mailbox intelligence for impersonation protection (Secure Score)",
      "category": "Apps",
      "tier": 2,
      "detectOnly": true,
      "gapOnly": false,
      "approvalRequired": false,
      "default_mode": "detect-only",
      "secureScoreControlIds": [
        "mdo_mailboxintelligenceprotection"
      ],
      "secureScoreIdsMissingInTenantSnapshot": [],
      "capability": "CUSTOM_DETECTOR_IMPLEMENTED",
      "capabilityReason": "Bespoke detector path exists in main.py"
    },
    {
      "id": "MDOPhishThresholdLevel",
      "name": "Defender for Office 365: Phishing threshold level set to 2+ (Secure Score)",
      "category": "Email",
      "tier": 2,
      "detectOnly": true,
      "gapOnly": false,
      "approvalRequired": false,
      "default_mode": "detect-only",
      "secureScoreControlIds": [
        "mdo_phishthresholdlevel"
      ],
      "secureScoreIdsMissingInTenantSnapshot": [],
      "capability": "CUSTOM_DETECTOR_IMPLEMENTED",
      "capabilityReason": "Bespoke detector path exists in main.py"
    },
    {
      "id": "MDOSafeAttachments",
      "name": "Defender for Office 365: Safe Attachments enabled (status check)",
      "category": "Email",
      "tier": 2,
      "detectOnly": true,
      "gapOnly": false,
      "approvalRequired": false,
      "default_mode": null,
      "secureScoreControlIds": [],
      "secureScoreIdsMissingInTenantSnapshot": [],
      "capability": "CUSTOM_DETECTOR_IMPLEMENTED",
      "capabilityReason": "Bespoke detector path exists in main.py"
    },
    {
      "id": "MDOSafeLinks",
      "name": "Defender for Office 365: Safe Links enabled (status check)",
      "category": "Email",
      "tier": 2,
      "detectOnly": true,
      "gapOnly": false,
      "approvalRequired": false,
      "default_mode": null,
      "secureScoreControlIds": [],
      "secureScoreIdsMissingInTenantSnapshot": [],
      "capability": "CUSTOM_DETECTOR_IMPLEMENTED",
      "capabilityReason": "Bespoke detector path exists in main.py"
    },
    {
      "id": "MDOTargetedDomainProtection",
      "name": "Defender for Office 365: Targeted domain impersonation protection enabled (Secure Score)",
      "category": "Email",
      "tier": 2,
      "detectOnly": true,
      "gapOnly": false,
      "approvalRequired": false,
      "default_mode": null,
      "secureScoreControlIds": [
        "mdo_enabledomainstoprotect"
      ],
      "secureScoreIdsMissingInTenantSnapshot": [],
      "capability": "CUSTOM_DETECTOR_IMPLEMENTED",
      "capabilityReason": "Bespoke detector path exists in main.py"
    },
    {
      "id": "MDOTargetedDomainProtectionAction",
      "name": "Defender for Office 365: Targeted domain impersonation action quarantines (Secure Score)",
      "category": "Email",
      "tier": 2,
      "detectOnly": true,
      "gapOnly": false,
      "approvalRequired": false,
      "default_mode": "detect-only",
      "secureScoreControlIds": [
        "mdo_targeteddomainprotectionaction"
      ],
      "secureScoreIdsMissingInTenantSnapshot": [],
      "capability": "CUSTOM_DETECTOR_IMPLEMENTED",
      "capabilityReason": "Bespoke detector path exists in main.py"
    },
    {
      "id": "MDOTargetedUserProtectionAction",
      "name": "Defender for Office 365: Targeted user impersonation action quarantines (Secure Score)",
      "category": "Email",
      "tier": 2,
      "detectOnly": true,
      "gapOnly": false,
      "approvalRequired": false,
      "default_mode": "detect-only",
      "secureScoreControlIds": [
        "mdo_targeteduserprotectionaction"
      ],
      "secureScoreIdsMissingInTenantSnapshot": [],
      "capability": "CUSTOM_DETECTOR_IMPLEMENTED",
      "capabilityReason": "Bespoke detector path exists in main.py"
    },
    {
      "id": "MDOTargetedUsersProtection",
      "name": "Defender for Office 365: Targeted user impersonation protection enabled (Secure Score)",
      "category": "Email",
      "tier": 2,
      "detectOnly": true,
      "gapOnly": false,
      "approvalRequired": false,
      "default_mode": null,
      "secureScoreControlIds": [
        "mdo_targetedusersprotection"
      ],
      "secureScoreIdsMissingInTenantSnapshot": [],
      "capability": "CUSTOM_DETECTOR_IMPLEMENTED",
      "capabilityReason": "Bespoke detector path exists in main.py"
    },
    {
      "id": "MDOTurnOnMDOForSPOODTeams",
      "name": "Defender for Office 365: Turn on MDO for SharePoint, OneDrive, and Teams (Secure Score)",
      "category": "Apps",
      "tier": 2,
      "detectOnly": true,
      "gapOnly": false,
      "approvalRequired": false,
      "default_mode": "detect-only",
      "secureScoreControlIds": [
        "mdo_atpprotection"
      ],
      "secureScoreIdsMissingInTenantSnapshot": [],
      "capability": "CUSTOM_DETECTOR_IMPLEMENTED",
      "capabilityReason": "Bespoke detector path exists in main.py"
    },
    {
      "id": "McasFirewallLogUpload",
      "name": "Defender for Cloud Apps: Firewall log upload configured (Secure Score)",
      "category": "Apps",
      "tier": 2,
      "detectOnly": true,
      "gapOnly": false,
      "approvalRequired": false,
      "default_mode": "detect-only",
      "secureScoreControlIds": [
        "mcasfirewalllogupload"
      ],
      "secureScoreIdsMissingInTenantSnapshot": [],
      "capability": "CUSTOM_DETECTOR_IMPLEMENTED",
      "capabilityReason": "Bespoke detector path exists in main.py"
    },
    {
      "id": "OneDriveExternalSharingRestricted",
      "name": "OneDrive: External sharing restricted (Secure Score)",
      "category": "Collaboration",
      "tier": 2,
      "detectOnly": true,
      "gapOnly": false,
      "approvalRequired": false,
      "default_mode": null,
      "secureScoreControlIds": [
        "onedrive_external_sharing_restricted"
      ],
      "secureScoreIdsMissingInTenantSnapshot": [
        "onedrive_external_sharing_restricted"
      ],
      "capability": "CUSTOM_DETECTOR_IMPLEMENTED",
      "capabilityReason": "Bespoke detector path exists in main.py"
    },
    {
      "id": "OneDriveSyncRestricted",
      "name": "OneDrive: Sync restricted to domain-joined devices (Secure Score)",
      "category": "Collaboration",
      "tier": 2,
      "detectOnly": true,
      "gapOnly": false,
      "approvalRequired": false,
      "default_mode": null,
      "secureScoreControlIds": [
        "onedrive_sync_restricted"
      ],
      "secureScoreIdsMissingInTenantSnapshot": [
        "onedrive_sync_restricted"
      ],
      "capability": "CUSTOM_DETECTOR_IMPLEMENTED",
      "capabilityReason": "Bespoke detector path exists in main.py"
    },
    {
      "id": "PasswordProtection",
      "name": "Entra ID: Password protection enabled (Secure Score)",
      "category": "Identity",
      "tier": 2,
      "detectOnly": true,
      "gapOnly": false,
      "approvalRequired": true,
      "default_mode": null,
      "secureScoreControlIds": [
        "aad_password_protection"
      ],
      "secureScoreIdsMissingInTenantSnapshot": [],
      "capability": "CUSTOM_DETECTOR_IMPLEMENTED",
      "capabilityReason": "Bespoke detector path exists in main.py"
    },
    {
      "id": "PurviewAutoLabelingPolicies",
      "name": "Purview: Auto-labeling policies configured (Secure Score)",
      "category": "Data",
      "tier": 2,
      "detectOnly": true,
      "gapOnly": false,
      "approvalRequired": false,
      "default_mode": "detect-only",
      "secureScoreControlIds": [
        "mip_autosensitivitylabelspolicies"
      ],
      "secureScoreIdsMissingInTenantSnapshot": [],
      "capability": "CUSTOM_DETECTOR_IMPLEMENTED",
      "capabilityReason": "Bespoke detector path exists in main.py"
    },
    {
      "id": "PurviewLabelConsentDataMap",
      "name": "Purview: Sensitivity labeling extended to Purview data map assets (Secure Score)",
      "category": "Data",
      "tier": 2,
      "detectOnly": true,
      "gapOnly": false,
      "approvalRequired": false,
      "default_mode": "detect-only",
      "secureScoreControlIds": [
        "mip_purviewlabelconsent"
      ],
      "secureScoreIdsMissingInTenantSnapshot": [],
      "capability": "CUSTOM_DETECTOR_IMPLEMENTED",
      "capabilityReason": "Bespoke detector path exists in main.py"
    },
    {
      "id": "SharePointDefaultSharingRestricted",
      "name": "SharePoint: Default sharing permissions restricted (Secure Score)",
      "category": "Collaboration",
      "tier": 2,
      "detectOnly": true,
      "gapOnly": false,
      "approvalRequired": false,
      "default_mode": null,
      "secureScoreControlIds": [
        "spo_default_sharing_permissions"
      ],
      "secureScoreIdsMissingInTenantSnapshot": [
        "spo_default_sharing_permissions"
      ],
      "capability": "CUSTOM_DETECTOR_IMPLEMENTED",
      "capabilityReason": "Bespoke detector path exists in main.py"
    },
    {
      "id": "TeamsExternalAccessRestricted",
      "name": "Teams: External access restricted (Secure Score)",
      "category": "Collaboration",
      "tier": 2,
      "detectOnly": true,
      "gapOnly": false,
      "approvalRequired": false,
      "default_mode": null,
      "secureScoreControlIds": [
        "teams_external_access_restricted"
      ],
      "secureScoreIdsMissingInTenantSnapshot": [
        "teams_external_access_restricted"
      ],
      "capability": "CUSTOM_DETECTOR_IMPLEMENTED",
      "capabilityReason": "Bespoke detector path exists in main.py"
    },
    {
      "id": "TeamsFederationRestricted",
      "name": "Teams: Federation restricted to allowed domains (Secure Score)",
      "category": "Collaboration",
      "tier": 2,
      "detectOnly": true,
      "gapOnly": false,
      "approvalRequired": false,
      "default_mode": null,
      "secureScoreControlIds": [
        "teams_federation_restricted"
      ],
      "secureScoreIdsMissingInTenantSnapshot": [
        "teams_federation_restricted"
      ],
      "capability": "CUSTOM_DETECTOR_IMPLEMENTED",
      "capabilityReason": "Bespoke detector path exists in main.py"
    },
    {
      "id": "TeamsFileSharingRestricted",
      "name": "Teams: File sharing restricted (Secure Score)",
      "category": "Collaboration",
      "tier": 2,
      "detectOnly": true,
      "gapOnly": false,
      "approvalRequired": false,
      "default_mode": null,
      "secureScoreControlIds": [
        "teams_file_sharing_restricted"
      ],
      "secureScoreIdsMissingInTenantSnapshot": [
        "teams_file_sharing_restricted"
      ],
      "capability": "CUSTOM_DETECTOR_IMPLEMENTED",
      "capabilityReason": "Bespoke detector path exists in main.py"
    },
    {
      "id": "ThirdPartyAppsRestricted",
      "name": "Entra ID: Third party integrated applications restricted (Secure Score)",
      "category": "Identity",
      "tier": 2,
      "detectOnly": true,
      "gapOnly": false,
      "approvalRequired": false,
      "default_mode": "detect-only",
      "secureScoreControlIds": [
        "aad_third_party_apps"
      ],
      "secureScoreIdsMissingInTenantSnapshot": [],
      "capability": "CUSTOM_DETECTOR_IMPLEMENTED",
      "capabilityReason": "Bespoke detector path exists in main.py"
    },
    {
      "id": "Tier3AuthMethodsReadiness",
      "name": "Tier 3 Readiness: Phishing-resistant MFA methods available (FIDO2 / WHfB) + TAP bootstrap",
      "category": "Identity",
      "tier": 3,
      "detectOnly": true,
      "gapOnly": false,
      "approvalRequired": false,
      "default_mode": "detect-only",
      "secureScoreControlIds": [],
      "secureScoreIdsMissingInTenantSnapshot": [],
      "capability": "CUSTOM_DETECTOR_IMPLEMENTED",
      "capabilityReason": "Bespoke detector path exists in main.py"
    },
    {
      "id": "Tier3BreakGlassReadiness",
      "name": "Tier 3 Readiness: Break-glass accounts present and safe",
      "category": "Identity",
      "tier": 3,
      "detectOnly": true,
      "gapOnly": false,
      "approvalRequired": false,
      "default_mode": "detect-only",
      "secureScoreControlIds": [],
      "secureScoreIdsMissingInTenantSnapshot": [],
      "capability": "CUSTOM_DETECTOR_IMPLEMENTED",
      "capabilityReason": "Bespoke detector path exists in main.py"
    },
    {
      "id": "AdminMFAV2",
      "name": "Admins -> MFA",
      "category": "Identity",
      "tier": 1,
      "detectOnly": false,
      "gapOnly": false,
      "approvalRequired": false,
      "default_mode": null,
      "secureScoreControlIds": [
        "adminmfav2"
      ],
      "secureScoreIdsMissingInTenantSnapshot": [],
      "capability": "ENFORCER_IMPLEMENTED",
      "capabilityReason": "Bespoke enforcement path exists in main.py"
    },
    {
      "id": "BlockLegacyAuthenticationPolicy",
      "name": "Block legacy authentication",
      "category": "Identity",
      "tier": 1,
      "detectOnly": false,
      "gapOnly": false,
      "approvalRequired": false,
      "default_mode": null,
      "secureScoreControlIds": [
        "blocklegacyauthentication"
      ],
      "secureScoreIdsMissingInTenantSnapshot": [],
      "capability": "ENFORCER_IMPLEMENTED",
      "capabilityReason": "Bespoke enforcement path exists in main.py"
    },
    {
      "id": "CAAdminBlockLegacyAuth",
      "name": "Conditional Access: Block legacy authentication for admins (ATLAS-owned)",
      "category": null,
      "tier": 1,
      "detectOnly": false,
      "gapOnly": false,
      "approvalRequired": true,
      "default_mode": "report-only",
      "secureScoreControlIds": [],
      "secureScoreIdsMissingInTenantSnapshot": [],
      "capability": "ENFORCER_IMPLEMENTED",
      "capabilityReason": "Bespoke enforcement path exists in main.py"
    },
    {
      "id": "CAAdminMFAAllApps",
      "name": "Conditional Access: Require MFA for admins across all apps (ATLAS-owned)",
      "category": null,
      "tier": 1,
      "detectOnly": false,
      "gapOnly": false,
      "approvalRequired": true,
      "default_mode": "report-only",
      "secureScoreControlIds": [],
      "secureScoreIdsMissingInTenantSnapshot": [],
      "capability": "ENFORCER_IMPLEMENTED",
      "capabilityReason": "Bespoke enforcement path exists in main.py"
    },
    {
      "id": "CAAllUsersBlockLegacyAuth",
      "name": "Conditional Access: Block legacy authentication for all users (ATLAS-owned)",
      "category": null,
      "tier": 1,
      "detectOnly": false,
      "gapOnly": false,
      "approvalRequired": true,
      "default_mode": "report-only",
      "secureScoreControlIds": [],
      "secureScoreIdsMissingInTenantSnapshot": [],
      "capability": "ENFORCER_IMPLEMENTED",
      "capabilityReason": "Bespoke enforcement path exists in main.py"
    },
    {
      "id": "SigninRiskPolicy",
      "name": "Risky sign-in -> MFA",
      "category": "Identity",
      "tier": 1,
      "detectOnly": false,
      "gapOnly": false,
      "approvalRequired": false,
      "default_mode": null,
      "secureScoreControlIds": [
        "signinriskpolicy"
      ],
      "secureScoreIdsMissingInTenantSnapshot": [],
      "capability": "ENFORCER_IMPLEMENTED",
      "capabilityReason": "Bespoke enforcement path exists in main.py"
    },
    {
      "id": "UserRiskPolicy",
      "name": "Risky user -> MFA + password change",
      "category": "Identity",
      "tier": 1,
      "detectOnly": false,
      "gapOnly": false,
      "approvalRequired": false,
      "default_mode": null,
      "secureScoreControlIds": [
        "userriskpolicy"
      ],
      "secureScoreIdsMissingInTenantSnapshot": [],
      "capability": "ENFORCER_IMPLEMENTED",
      "capabilityReason": "Bespoke enforcement path exists in main.py"
    },
    {
      "id": "DisableUserConsentToApps",
      "name": "Disable user consent to apps",
      "category": "Identity",
      "tier": 2,
      "detectOnly": false,
      "gapOnly": false,
      "approvalRequired": true,
      "default_mode": "report-only",
      "secureScoreControlIds": [
        "integratedapps"
      ],
      "secureScoreIdsMissingInTenantSnapshot": [],
      "capability": "ENFORCER_IMPLEMENTED",
      "capabilityReason": "Bespoke enforcement path exists in main.py"
    },
    {
      "id": "MDOPresetSecurityPolicies",
      "name": "Defender for Office 365: Preset security policies (Standard/Strict) enabled",
      "category": "Email",
      "tier": 2,
      "detectOnly": false,
      "gapOnly": false,
      "approvalRequired": true,
      "default_mode": null,
      "secureScoreControlIds": [],
      "secureScoreIdsMissingInTenantSnapshot": [],
      "capability": "ENFORCER_IMPLEMENTED",
      "capabilityReason": "Bespoke enforcement path exists in main.py"
    },
    {
      "id": "SelfServicePasswordReset",
      "name": "Enable SSPR for all users",
      "category": "Identity",
      "tier": 2,
      "detectOnly": false,
      "gapOnly": false,
      "approvalRequired": true,
      "default_mode": null,
      "secureScoreControlIds": [
        "selfservicepasswordreset"
      ],
      "secureScoreIdsMissingInTenantSnapshot": [],
      "capability": "ENFORCER_IMPLEMENTED",
      "capabilityReason": "Bespoke enforcement path exists in main.py"
    },
    {
      "id": "SharePointDomainRestrictionConfigured",
      "name": "SharePoint: Domain restriction mode configured (allow/block list)",
      "category": "SharePoint",
      "tier": 2,
      "detectOnly": false,
      "gapOnly": false,
      "approvalRequired": false,
      "default_mode": "detect-only",
      "secureScoreControlIds": [],
      "secureScoreIdsMissingInTenantSnapshot": [],
      "capability": "ENFORCER_IMPLEMENTED",
      "capabilityReason": "Bespoke enforcement path exists in main.py"
    },
    {
      "id": "SharePointPreventExternalUsersFromResharingEnabled",
      "name": "SharePoint: Prevent external users from resharing is enabled",
      "category": "SharePoint",
      "tier": 2,
      "detectOnly": false,
      "gapOnly": false,
      "approvalRequired": false,
      "default_mode": "detect-only",
      "secureScoreControlIds": [],
      "secureScoreIdsMissingInTenantSnapshot": [],
      "capability": "ENFORCER_IMPLEMENTED",
      "capabilityReason": "Bespoke enforcement path exists in main.py"
    },
    {
      "id": "SharePointSharingAllowedDomainListConfigured",
      "name": "SharePoint: Allowed domain list configured (when allow-list mode is enabled)",
      "category": "SharePoint",
      "tier": 2,
      "detectOnly": false,
      "gapOnly": false,
      "approvalRequired": false,
      "default_mode": "detect-only",
      "secureScoreControlIds": [],
      "secureScoreIdsMissingInTenantSnapshot": [],
      "capability": "ENFORCER_IMPLEMENTED",
      "capabilityReason": "Bespoke enforcement path exists in main.py"
    },
    {
      "id": "SharePointSharingBlockedDomainListConfigured",
      "name": "SharePoint: Blocked domain list configured (when block-list mode is enabled)",
      "category": "SharePoint",
      "tier": 2,
      "detectOnly": false,
      "gapOnly": false,
      "approvalRequired": false,
      "default_mode": "detect-only",
      "secureScoreControlIds": [],
      "secureScoreIdsMissingInTenantSnapshot": [],
      "capability": "ENFORCER_IMPLEMENTED",
      "capabilityReason": "Bespoke enforcement path exists in main.py"
    },
    {
      "id": "CAAdminPhishingResistantMFA",
      "name": "Conditional Access: Require phishing-resistant MFA strength for administrators (Secure Score)",
      "category": "Identity",
      "tier": 3,
      "detectOnly": false,
      "gapOnly": false,
      "approvalRequired": true,
      "default_mode": "detect-only",
      "secureScoreControlIds": [
        "aad_phishing_mfa_strength"
      ],
      "secureScoreIdsMissingInTenantSnapshot": [],
      "capability": "ENFORCER_IMPLEMENTED",
      "capabilityReason": "Bespoke enforcement path exists in main.py"
    },
    {
      "id": "CAAdminSignInFrequencySessionTimeout",
      "name": "Conditional Access: Admin sign-in frequency set + browser sessions not persistent (Secure Score)",
      "category": "Identity",
      "tier": 3,
      "detectOnly": false,
      "gapOnly": false,
      "approvalRequired": true,
      "default_mode": "detect-only",
      "secureScoreControlIds": [
        "aad_sign_in_freq_session_timeout"
      ],
      "secureScoreIdsMissingInTenantSnapshot": [],
      "capability": "ENFORCER_IMPLEMENTED",
      "capabilityReason": "Bespoke enforcement path exists in main.py"
    },
    {
      "id": "PasswordProtectionOnPremGap",
      "name": "Entra ID: Password protection enabled for on-prem AD (Secure Score gap only)",
      "category": "Identity",
      "tier": 2,
      "detectOnly": true,
      "gapOnly": true,
      "approvalRequired": false,
      "default_mode": "detect-only",
      "secureScoreControlIds": [
        "aad_password_protection"
      ],
      "secureScoreIdsMissingInTenantSnapshot": [],
      "capability": "GAP_ONLY",
      "capabilityReason": "Registry marked gapOnly=true (informational/backlog marker)"
    },
    {
      "id": "PhishingResistantMfaStrengthGap",
      "name": "Entra ID: Phishing-resistant MFA strength required for admins (Secure Score gap only)",
      "category": "Identity",
      "tier": 3,
      "detectOnly": true,
      "gapOnly": true,
      "approvalRequired": false,
      "default_mode": "detect-only",
      "secureScoreControlIds": [
        "aad_phishing_mfa_strength"
      ],
      "secureScoreIdsMissingInTenantSnapshot": [],
      "capability": "GAP_ONLY",
      "capabilityReason": "Registry marked gapOnly=true (informational/backlog marker)"
    }
  ]
}