{
  "tenant": "example",
  "generatedAt": "2026-01-16_15-37-02",
  "tier3Summary": [
    {
      "controlId": "CAAdminSignInFrequencySessionTimeout",
      "name": "Conditional Access: Admin sign-in frequency set + browser sessions not persistent (Secure Score)",
      "mode": "enforce",
      "canCauseLockout": true,
      "requiresOnboardingDiscussion": true,
      "outcome": "BLOCKED",
      "reason": "missing required acknowledgements",
      "missing": [
        "acknowledgeBusinessImpact:true",
        "onboardingReviewed:true"
      ]
    },
    {
      "controlId": "CAAdminPhishingResistantMFA",
      "name": "Conditional Access: Require phishing-resistant MFA strength for administrators (Secure Score)",
      "mode": "enforce",
      "canCauseLockout": true,
      "requiresOnboardingDiscussion": true,
      "outcome": "BLOCKED",
      "reason": "missing required acknowledgements",
      "missing": [
        "acknowledgeBusinessImpact:true",
        "onboardingReviewed:true"
      ]
    },
    {
      "controlId": "Tier3AuthMethodsReadiness",
      "name": "Tier 3 Readiness: Phishing-resistant MFA methods available (FIDO2 / WHfB) + TAP bootstrap",
      "mode": "detect-only",
      "canCauseLockout": false,
      "requiresOnboardingDiscussion": true,
      "outcome": "DRIFTED",
      "reason": "NOT_READY",
      "missing": [],
      "methodsSummary": "FIDO2=disabled, WHfB=unknown, TAP=enabled"
    },
    {
      "controlId": "Tier3BreakGlassReadiness",
      "name": "Tier 3 Readiness: Break-glass accounts present and safe",
      "mode": "detect-only",
      "canCauseLockout": false,
      "requiresOnboardingDiscussion": true,
      "outcome": "DRIFTED",
      "reason": "NOT_READY",
      "missing": [],
      "breakGlassSummary": "totalMembers=2, enabledMembers=0",
      "breakGlassReason": "Break-glass group should contain at least two enabled user accounts"
    },
    {
      "controlId": "PhishingResistantMfaStrengthGap",
      "name": "Entra ID: Phishing-resistant MFA strength required for admins (Secure Score gap only)",
      "mode": "detect-only",
      "canCauseLockout": false,
      "requiresOnboardingDiscussion": true,
      "outcome": "NOT_BLOCKED",
      "reason": null,
      "missing": []
    }
  ]
}