{
  "tenant": "example",
  "controlId": "EXOMailTipsEnabled",
  "action": "detect_only",
  "state": "COMPLIANT",
  "displayName": "Exchange Online: Ensure MailTips are enabled for end users (Secure Score)",
  "mode": "detect-only",
  "status": 200,
  "details": {
    "MailTipsAllTipsEnabled": true,
    "MailTipsExternalRecipientsTipsEnabled": false,
    "MailTipsGroupMetricsEnabled": true,
    "MailTipsMailboxSourcedTipsEnabled": true,
    "MailTipsLargeAudienceThreshold": 25,
    "cmdletsUsed": [],
    "errors": {},
    "reasonCode": "CUSTOM_DETECTOR_EVALUATED",
    "reasonDetail": "Evaluated via Exchange Online (Get-OrganizationConfig) using MailTipsAllTipsEnabled"
  },
  "reasonCode": "CUSTOM_DETECTOR_EVALUATED",
  "reasonDetail": "Evaluated via Exchange Online (Get-OrganizationConfig) using MailTipsAllTipsEnabled",
  "reason": "Evaluated via Exchange Online (Get-OrganizationConfig) using MailTipsAllTipsEnabled",
  "durationSeconds": 0.0
}