{
  "tenant": "example",
  "controlId": "MailboxAuditingEnabled",
  "action": "detect_only",
  "state": "DRIFTED",
  "displayName": "Ensure mailbox auditing is enabled for all users",
  "mode": "detect-only",
  "status": 200,
  "details": {
    "auditDisabled": false,
    "mailboxesAuditingDisabledCount": 1,
    "mailboxesAuditingDisabledSamples": [
      "DiscoverySearchMailbox{D919BA05-46A6-415f-80AD-7E09334BB852}"
    ],
    "bypassAssociationsCount": 140,
    "bypassAssociationsSamples": [
      "SystemMailbox{bb558c35-97f1-4cb9-8ff7-d53741dc928c}",
      "SystemMailbox{D0E409A0-AF9B-4720-92FE-AAC869B0D201}",
      "ExchangeOnlineEnterprise-202604cf-1b5e-4cdd-bbb4-5663152e13b6",
      "QuarantineOrgShard{388c3f8b-20b0-424f-a608-11300e957e2b}",
      "QuarantineOrgShard{13dfd29a-d649-4b66-8f50-c15c9595c7a9}",
      "OrgContacts_38CF9FA0-F551-44EB-A9C5-0A7B41019E0D",
      "ExchangeOnlineEssentials-24f138b3-7c90-4e75-ba8a-99f794fa7b49",
      "ExchangeOnlineDeskless-a6a21436-5af1-4bf1-998d-6fed2277fa02",
      "TenantSetting_E29644B8-9FC2-458D-8512-BF925256183E",
      "TenantSetting_AC9A8876-0461-47EA-9d4C-FE8D02AEF7D5"
    ],
    "cmdletsUsed": [
      "Get-OrganizationConfig",
      "Get-EXOMailbox",
      "Get-MailboxAuditBypassAssociation"
    ],
    "errors": {},
    "reasonCode": "CUSTOM_DETECTOR_EVALUATED",
    "reasonDetail": "Evaluated via Exchange Online (Get-OrganizationConfig + Get-EXOMailbox); 140 mailbox audit bypass association(s) detected (info-only)"
  },
  "reasonCode": "CUSTOM_DETECTOR_EVALUATED",
  "reasonDetail": "Evaluated via Exchange Online (Get-OrganizationConfig + Get-EXOMailbox); 140 mailbox audit bypass association(s) detected (info-only)",
  "reason": "Evaluated via Exchange Online (Get-OrganizationConfig + Get-EXOMailbox); 140 mailbox audit bypass association(s) detected (info-only)",
  "durationSeconds": 0.0
}