{
  "tenant": "example",
  "controlId": "SelfServicePasswordReset",
  "action": "ensure_applied",
  "displayName": "Enable SSPR for all users",
  "approved": true,
  "mode": "enforce",
  "state": "NOT_EVALUATED",
  "reasonCode": "UNSUPPORTED_API",
  "reasonDetail": "Cannot enforce SelfServicePasswordReset: Graph does not expose a verifiable SSPR property on authenticationMethodsPolicy in this environment.",
  "details": {
    "url": "https://graph.microsoft.com/v1.0/policies/authenticationMethodsPolicy",
    "before": {
      "SelfServicePasswordReset": null
    },
    "desired": {
      "SelfServicePasswordReset": true
    },
    "note": "No supported app-only API signal found that exposes/verifies SSPR enablement via this endpoint.",
    "remediation": "Configure SSPR in Entra admin center (Users > Password reset) and ensure your detector is anchored to a verifiable API signal before enforcing.",
    "reasonCode": "UNSUPPORTED_API",
    "reasonDetail": "Cannot enforce SelfServicePasswordReset: Graph does not expose a verifiable SSPR property on authenticationMethodsPolicy in this environment."
  },
  "status": 424,
  "durationSeconds": 0.0
}