{
  "tenant": "example",
  "controlId": "MDOAntiSpam",
  "action": "ensure_applied",
  "displayName": "Defender for Office 365: Anti-spam configured",
  "approved": true,
  "mode": "enforce",
  "state": "COMPLIANT",
  "reasonCode": "ENFORCER_EXECUTED",
  "reasonDetail": "Enforcer executed; anti-spam rule enabled/verified",
  "details": {
    "result": {
      "mode": "enforce",
      "compliant": true,
      "action": "no_change",
      "before": {
        "policyCount": 2,
        "ruleCount": 1,
        "policies": [
          {
            "Name": "Default",
            "IsDefault": true,
            "Identity": "Default",
            "SpamAction": "MoveToJmf",
            "BulkSpamAction": "MoveToJmf",
            "HighConfidenceSpamAction": "MoveToJmf",
            "PhishSpamAction": "MoveToJmf"
          },
          {
            "Name": "ATLAS AntiSpam Policy",
            "IsDefault": false,
            "Identity": "ATLAS AntiSpam Policy",
            "SpamAction": "MoveToJmf",
            "BulkSpamAction": "MoveToJmf",
            "HighConfidenceSpamAction": "Quarantine",
            "PhishSpamAction": "Quarantine"
          }
        ],
        "rules": [
          {
            "Name": "ATLAS Baseline AntiSpam",
            "State": "Enabled",
            "HostedContentFilterPolicy": "ATLAS AntiSpam Policy",
            "Priority": 0,
            "Identity": "ATLAS Baseline AntiSpam"
          }
        ]
      }
    },
    "reasonCode": "ENFORCER_EXECUTED",
    "reasonDetail": "Enforcer executed; anti-spam rule enabled/verified"
  },
  "status": 200,
  "durationSeconds": 8.386
}