{
  "tenant": "example",
  "controlId": "PurviewLabelConsentDataMap",
  "action": "detect_only",
  "state": "NOT_EVALUATED",
  "displayName": "Purview: Sensitivity labeling extended to Purview data map assets (Secure Score)",
  "mode": "detect-only",
  "status": 424,
  "details": {
    "reason": "EXO PowerShell call failed",
    "stderr": "Import-Module : The specified module 'ExchangeOnlineManagement' was not loaded because no valid module file was found \nin any module directory.\nAt C:\\Users\\Alex\\desktop\\atlas\\engine\\detectors\\ipp_purview_bundle.ps1:10 char:1\n+ Import-Module ExchangeOnlineManagement\n+ ~~~~~~~~~~~~~~~~~~~~~~~~~~~~~~~~~~~~~~\n    + CategoryInfo          : ResourceUnavailable: (ExchangeOnlineManagement:String) [Import-Module], FileNotFoundExce \n   ption\n    + FullyQualifiedErrorId : Modules_ModuleNotFound,Microsoft.PowerShell.Commands.ImportModuleCommand",
    "stdout": "",
    "exitCode": 1,
    "script": "engine\\detectors\\ipp_purview_bundle.ps1",
    "reasonCode": "DETECTOR_ERROR",
    "reasonDetail": "EXO PowerShell call failed"
  },
  "reasonCode": "DETECTOR_ERROR",
  "reasonDetail": "EXO PowerShell call failed",
  "reason": "EXO PowerShell call failed",
  "durationSeconds": 0.183
}