{
  "tenant": "example",
  "controlId": "DisableUserConsentToApps",
  "action": "ensure_applied",
  "displayName": "Disable user consent to apps",
  "approved": true,
  "mode": "enforce",
  "state": "COMPLIANT",
  "reasonCode": "ENFORCER_EXECUTED",
  "reasonDetail": "Enforce: already compliant (no change needed).",
  "details": {
    "before": {
      "DisableUserConsentToApps": [
        "ManagePermissionGrantsForSelf.microsoft-user-default-recommended"
      ]
    },
    "desired": {
      "DisableUserConsentToApps": [
        "ManagePermissionGrantsForSelf.microsoft-user-default-recommended"
      ]
    },
    "approvedForEnforce": true,
    "reasonCode": "ENFORCER_EXECUTED",
    "reasonDetail": "Enforce: already compliant (no change needed)."
  },
  "status": 200,
  "durationSeconds": 0.347
}