{
  "tenant": "example",
  "controlId": "Tier3AuthMethodsCatalog",
  "action": "detect_only",
  "state": "NOT_EVALUATED",
  "displayName": "Tier 3: Auth methods catalog",
  "approved": false,
  "mode": "detect-only",
  "status": 500,
  "details": {
    "reasonCode": "UNSUPPORTED_API",
    "reasonDetail": "authenticationMethodConfigurations catalog endpoint not available in this tenant/API shape (v1.0 and beta failed).",
    "attempts": [
      {
        "url": "https://graph.microsoft.com/v1.0/policies/authenticationMethodsPolicy/authenticationMethodConfigurations",
        "status": 400,
        "responseText": "{\"error\":{\"code\":\"badRequest\",\"message\":\"Resource not found for segment 'authenticationMethodsPolicy/authenticationMethodConfigurations'.\",\"innerError\":{\"date\":\"2026-01-25T17:32:01\",\"request-id\":\"796a4e1d-5378-4690-974d-cf392012b71f\",\"client-request-id\":\"796a4e1d-5378-4690-974d-cf392012b71f\"}}}"
      },
      {
        "url": "https://graph.microsoft.com/beta/policies/authenticationMethodsPolicy/authenticationMethodConfigurations",
        "status": 400,
        "responseText": "{\"error\":{\"code\":\"badRequest\",\"message\":\"Resource not found for segment 'authenticationMethodsPolicy/authenticationMethodConfigurations'.\",\"innerError\":{\"date\":\"2026-01-25T17:32:02\",\"request-id\":\"18ac64e8-54cd-46a5-a794-1a97ee28a971\",\"client-request-id\":\"18ac64e8-54cd-46a5-a794-1a97ee28a971\"}}}"
      }
    ]
  },
  "reasonCode": "UNSUPPORTED_API",
  "reasonDetail": "authenticationMethodConfigurations catalog endpoint not available in this tenant/API shape (v1.0 and beta failed).",
  "durationSeconds": 0.929
}