{
  "tenant": "example",
  "controlId": "Tier3AuthMethodsCatalog",
  "action": "detect_only",
  "state": "NOT_EVALUATED",
  "displayName": "Tier 3: Auth methods catalog",
  "approved": false,
  "mode": "detect-only",
  "status": 500,
  "details": {
    "reasonCode": "UNSUPPORTED_API",
    "reasonDetail": "authenticationMethodConfigurations catalog endpoint not available in this tenant/API shape (v1.0 and beta failed).",
    "attempts": [
      {
        "url": "https://graph.microsoft.com/v1.0/policies/authenticationMethodsPolicy/authenticationMethodConfigurations",
        "status": 400,
        "responseText": "{\"error\":{\"code\":\"badRequest\",\"message\":\"Resource not found for segment 'authenticationMethodsPolicy/authenticationMethodConfigurations'.\",\"innerError\":{\"date\":\"2026-01-27T14:08:26\",\"request-id\":\"58a6c23d-e4a9-4975-b0c3-83f59d2244de\",\"client-request-id\":\"58a6c23d-e4a9-4975-b0c3-83f59d2244de\"}}}"
      },
      {
        "url": "https://graph.microsoft.com/beta/policies/authenticationMethodsPolicy/authenticationMethodConfigurations",
        "status": 400,
        "responseText": "{\"error\":{\"code\":\"badRequest\",\"message\":\"Resource not found for segment 'authenticationMethodsPolicy/authenticationMethodConfigurations'.\",\"innerError\":{\"date\":\"2026-01-27T14:08:26\",\"request-id\":\"a47b703d-c34b-4e69-9af9-ac0c6fd945d8\",\"client-request-id\":\"a47b703d-c34b-4e69-9af9-ac0c6fd945d8\"}}}"
      }
    ]
  },
  "reasonCode": "UNSUPPORTED_API",
  "reasonDetail": "authenticationMethodConfigurations catalog endpoint not available in this tenant/API shape (v1.0 and beta failed).",
  "durationSeconds": 0.942
}