{
  "tenant": "example",
  "controlId": "Tier3BreakGlassReadiness",
  "action": "detect_only",
  "state": "COMPLIANT",
  "displayName": "Tier 3 Readiness: Break-glass accounts present and safe",
  "mode": "detect-only",
  "status": 200,
  "details": {
    "groupId": "b71bc79f-f89b-45ad-b11f-a839cf2e9829",
    "totalMembers": 2,
    "enabledMembers": [
      {
        "id": "eed95030-2d16-4a02-88a6-524d84c11879",
        "displayName": "BG1",
        "userPrincipalName": "BREAKGLASS1@6twcdy.onmicrosoft.com"
      },
      {
        "id": "6708e991-5d68-44ec-87d8-2b5a5a3d1de7",
        "displayName": "BG2",
        "userPrincipalName": "BREAKGLASS2@6twcdy.onmicrosoft.com"
      }
    ],
    "reasonCode": "TIER3_EVALUATED",
    "reasonDetail": "Tier3 (additive) evaluation completed."
  },
  "reason": "Tier 3 break-glass readiness detector",
  "reasonCode": "TIER3_EVALUATED",
  "reasonDetail": "Tier3 (additive) evaluation completed.",
  "durationSeconds": 0.929
}