{
  "tenant": "example",
  "controlId": "TeamsRestrictAnonymousJoin",
  "action": "detect_only",
  "state": "DRIFTED",
  "displayName": "Teams: Restrict anonymous users from joining meetings (Secure Score)",
  "mode": "detect-only",
  "status": 200,
  "scorePct": 0.0,
  "missingSecureScoreControlIds": null,
  "secureScoreControlId": "meeting_restrictanonymousjoin_v1",
  "title": "Restrict anonymous users from joining meetings",
  "implementationStatus": "current status: On",
  "actionUrl": "https://admin.teams.microsoft.com/meetings/settings",
  "details": {
    "policyIdentity": "Global",
    "setting": "AllowAnonymousUsersToJoinMeeting",
    "expected": false,
    "actual": true,
    "reasonCode": "CUSTOM_DETECTOR_EVALUATED",
    "reasonDetail": "Evaluated via Teams meeting policies (Get-CsTeamsMeetingPolicy)."
  },
  "fallbackDetector": null,
  "reason": "detect-only registry control (no enforcement implemented)",
  "reasonCode": "CUSTOM_DETECTOR_EVALUATED",
  "reasonDetail": "Evaluated via Teams meeting policies (Get-CsTeamsMeetingPolicy).",
  "durationSeconds": 0.0
}