{
  "tenant": "example",
  "controlId": "AdminMFAV2",
  "action": "ensure_skipped_no_drift",
  "displayName": "ATLAS - Admin MFA",
  "approved": true,
  "mode": "enforce",
  "state": "COMPLIANT",
  "status": 200,
  "policyId": "90f344f4-d2b2-47e8-a841-cb71e01de2fd",
  "details": {
    "reasonCode": "ENFORCER_EXECUTED",
    "reasonDetail": "Enforcement executed successfully."
  },
  "reasonCode": "ENFORCER_EXECUTED",
  "reasonDetail": "Enforcement executed successfully.",
  "durationSeconds": 0.442
}