{
  "tenant": "example",
  "controlId": "EXODKIMEnabledAllDomains",
  "action": "detect_only",
  "state": "COMPLIANT",
  "displayName": "Exchange Online: DKIM enabled for all custom domains",
  "mode": "detect-only",
  "status": 200,
  "details": {
    "reason": "No verified custom domains found (excluding *.onmicrosoft.com).",
    "domainsChecked": 0,
    "reasonCode": "DETECT_ONLY_EVALUATED",
    "reasonDetail": "Detect-only evaluation completed."
  },
  "reason": "DNS-based DKIM detector",
  "reasonCode": "DETECT_ONLY_EVALUATED",
  "reasonDetail": "Detect-only evaluation completed.",
  "durationSeconds": 0.813
}