{
  "tenant": "example",
  "controlId": "Tier3AuthMethodsCatalog",
  "action": "detect_only",
  "state": "NOT_EVALUATED",
  "displayName": "Tier 3: Auth methods catalog",
  "approved": false,
  "mode": "detect-only",
  "status": 500,
  "details": {
    "reasonCode": "UNSUPPORTED_API",
    "reasonDetail": "authenticationMethodConfigurations catalog endpoint not available in this tenant/API shape (v1.0 and beta failed).",
    "attempts": [
      {
        "url": "https://graph.microsoft.com/v1.0/policies/authenticationMethodsPolicy/authenticationMethodConfigurations",
        "status": 400,
        "responseText": "{\"error\":{\"code\":\"badRequest\",\"message\":\"Resource not found for segment 'authenticationMethodsPolicy/authenticationMethodConfigurations'.\",\"innerError\":{\"date\":\"2026-01-22T12:56:00\",\"request-id\":\"2445e2f6-8a44-4b37-92d0-6493ab2f85f0\",\"client-request-id\":\"2445e2f6-8a44-4b37-92d0-6493ab2f85f0\"}}}"
      },
      {
        "url": "https://graph.microsoft.com/beta/policies/authenticationMethodsPolicy/authenticationMethodConfigurations",
        "status": 400,
        "responseText": "{\"error\":{\"code\":\"badRequest\",\"message\":\"Resource not found for segment 'authenticationMethodsPolicy/authenticationMethodConfigurations'.\",\"innerError\":{\"date\":\"2026-01-22T12:56:00\",\"request-id\":\"f79bd8cd-1444-4b1d-bfa6-47d37f9abec3\",\"client-request-id\":\"f79bd8cd-1444-4b1d-bfa6-47d37f9abec3\"}}}"
      }
    ]
  },
  "reasonCode": "UNSUPPORTED_API",
  "reasonDetail": "authenticationMethodConfigurations catalog endpoint not available in this tenant/API shape (v1.0 and beta failed).",
  "durationSeconds": 0.702
}