{
  "tenant": "example",
  "controlId": "TeamsExternalAccessRestricted",
  "action": "ensure_applied",
  "displayName": "Teams: External access restricted (Secure Score)",
  "approved": true,
  "mode": "enforce",
  "state": "ERROR",
  "reasonCode": "MISSING_PREREQUISITE",
  "reasonDetail": "Missing teamsAppAuth in tenant JSON",
  "details": {
    "error": {
      "reason": "Missing teamsAppAuth in tenant JSON"
    },
    "reasonCode": "MISSING_PREREQUISITE",
    "reasonDetail": "Missing teamsAppAuth in tenant JSON"
  },
  "status": 400,
  "durationSeconds": 0.001
}