{
  "tenant": "example",
  "controlId": "SelfServicePasswordReset",
  "action": "ensure_applied",
  "displayName": "Enable SSPR for all users",
  "approved": true,
  "mode": "enforce",
  "state": "NOT_EVALUATED",
  "reasonCode": "UNSUPPORTED_API",
  "reasonDetail": "Cannot enforce SelfServicePasswordReset: API did not return a verifiable property.",
  "details": {
    "url": "https://graph.microsoft.com/v1.0/policies/authenticationMethodsPolicy",
    "before": {
      "SelfServicePasswordReset": null
    },
    "desired": {
      "SelfServicePasswordReset": true
    },
    "note": "authenticationMethodsPolicy did not return isSelfServicePasswordResetEnabled; cannot verify/enforce safely.",
    "remediation": "Configure SSPR in Entra admin center (Users > Password reset) and anchor the control to a verifiable API signal before enforcing.",
    "reasonCode": "UNSUPPORTED_API",
    "reasonDetail": "Cannot enforce SelfServicePasswordReset: API did not return a verifiable property."
  },
  "status": 424,
  "durationSeconds": 0.653
}