{
  "tenant": "example",
  "controlId": "TeamsFederationRestricted",
  "action": "tier3_gate_blocked",
  "state": "NOT_EVALUATED",
  "displayName": "Teams: Federation restricted to allowed domains (Secure Score)",
  "approved": false,
  "mode": "report-only",
  "status": 409,
  "reason": "Secure Score controlId referenced by ATLAS but missing from this tenant's controlProfiles",
  "details": {
    "reasonCode": "SECURE_SCORE_ID_MISSING",
    "reasonDetail": "Secure Score controlId referenced by ATLAS but missing from this tenant's controlProfiles",
    "missingSecureScoreControlIds": [
      "teams_federation_restricted"
    ],
    "secureScoreControlId": null
  },
  "reasonCode": "SECURE_SCORE_ID_MISSING",
  "reasonDetail": "Secure Score controlId referenced by ATLAS but missing from this tenant's controlProfiles",
  "durationSeconds": 5.803
}