{
  "tenant": "example",
  "controlId": "UserRiskPolicy",
  "action": "detect_report_only",
  "displayName": "Risky user -> MFA + password change",
  "approved": false,
  "mode": "report-only",
  "state": "DRIFTED",
  "reasonCode": "REPORT_ONLY_EVALUATED",
  "reasonDetail": "Report-only: drift detected (no changes applied)",
  "details": {
    "result": {
      "result": "skipped_update_disabled",
      "status": 200,
      "policyId": "f4fb7ee7-62f9-4554-9bb2-c85a0306472c",
      "body": {
        "id": "f4fb7ee7-62f9-4554-9bb2-c85a0306472c",
        "templateId": null,
        "displayName": "ATLAS - Risky User Password Change (Report Only)",
        "createdDateTime": "2026-01-05T19:18:29.4129937Z",
        "modifiedDateTime": null,
        "state": "enabledForReportingButNotEnforced",
        "sessionControls": null,
        "conditions": {
          "userRiskLevels": [
            "medium",
            "high"
          ],
          "signInRiskLevels": [],
          "clientAppTypes": [
            "all"
          ],
          "servicePrincipalRiskLevels": [],
          "insiderRiskLevels": null,
          "platforms": null,
          "locations": null,
          "devices": null,
          "clientApplications": null,
          "authenticationFlows": null,
          "applications": {
            "includeApplications": [
              "All"
            ],
            "excludeApplications": [],
            "includeUserActions": [],
            "includeAuthenticationContextClassReferences": [],
            "applicationFilter": null
          },
          "users": {
            "includeUsers": [
              "All"
            ],
            "excludeUsers": [],
            "includeGroups": [],
            "excludeGroups": [],
            "includeRoles": [],
            "excludeRoles": [],
            "includeGuestsOrExternalUsers": null,
            "excludeGuestsOrExternalUsers": null
          }
        },
        "grantControls": {
          "operator": "AND",
          "builtInControls": [
            "mfa",
            "passwordChange"
          ],
          "customAuthenticationFactors": [],
          "termsOfUse": [],
          "authenticationStrength@odata.context": "https://graph.microsoft.com/v1.0/$metadata#identity/conditionalAccess/policies('f4fb7ee7-62f9-4554-9bb2-c85a0306472c')/grantControls/authenticationStrength/$entity",
          "authenticationStrength": null
        }
      }
    },
    "desired": {
      "displayName": "ATLAS - Risky User Password Change (Report Only)",
      "state": "enabledForReportingButNotEnforced",
      "conditions": {
        "userRiskLevels": [
          "medium",
          "high"
        ],
        "clientAppTypes": [
          "all"
        ],
        "applications": {
          "includeApplications": [
            "All"
          ]
        },
        "users": {
          "includeUsers": [
            "All"
          ],
          "excludeUsers": [],
          "excludeGroups": [
            "b71bc79f-f89b-45ad-b11f-a839cf2e9829"
          ]
        }
      },
      "grantControls": {
        "operator": "AND",
        "builtInControls": [
          "mfa",
          "passwordChange"
        ]
      }
    },
    "reasonCode": "REPORT_ONLY_EVALUATED",
    "reasonDetail": "Report-only: drift detected (no changes applied)"
  },
  "status": 200,
  "durationSeconds": 0.568
}