{
  "tenant": "example",
  "controlId": "SharePointIdleSessionTimeout",
  "action": "ensure_applied",
  "displayName": "Sign out inactive users in SharePoint Online",
  "approved": true,
  "mode": "enforce",
  "state": "NOT_EVALUATED",
  "reasonCode": "UNSUPPORTED_MODE",
  "reasonDetail": "Cannot enforce SharePoint idle session via SPO Management Shell (Set-SPOTenant)",
  "details": {
    "adminUrl": "https://6twcdy-admin.sharepoint.com",
    "note": "UNSUPPORTED: Set-SPOTenant does not support IdleSessionSignOut* parameters in this environment",
    "reasonCode": "UNSUPPORTED_MODE",
    "reasonDetail": "Cannot enforce SharePoint idle session via SPO Management Shell (Set-SPOTenant)"
  },
  "status": 424,
  "durationSeconds": 0.0
}