{
  "tenant": "example",
  "controlId": "SharePointDomainRestrictionConfigured",
  "action": "ensure_applied",
  "displayName": "SharePoint: Domain restriction mode configured (allow/block list)",
  "approved": true,
  "mode": "enforce",
  "state": "NOT_EVALUATED",
  "reasonCode": "MISSING_SIGNAL",
  "reasonDetail": "SPO read failed: Interactive SPO auth is disabled. Configure spoAppAuth (clientId/tenantId/certificateThumbprint) in the tenant JSON.",
  "details": {
    "batch": {
      "adminUrl": "https://6twcdy-admin.sharepoint.com",
      "ok": false,
      "before": {
        "ok": false,
        "error": "Interactive SPO auth is disabled. Configure spoAppAuth (clientId/tenantId/certificateThumbprint) in the tenant JSON.",
        "tenant": null,
        "adminUrl": "https://6twcdy-admin.sharepoint.com",
        "exitCode": 0
      },
      "after": null,
      "desired": {
        "PreventExternalUsersFromResharing": true,
        "DefaultSharingLinkType": 2,
        "DefaultLinkPermission": 1,
        "RequireAnonymousLinksExpireInDays": 30,
        "SharingDomainRestrictionMode": "AllowList",
        "SharingAllowedDomainList": "partner.com vendor.com"
      },
      "applyResult": null,
      "verifyAttempts": [],
      "perControl": {},
      "error": "SPO read failed: Interactive SPO auth is disabled. Configure spoAppAuth (clientId/tenantId/certificateThumbprint) in the tenant JSON.",
      "desiredByControl": {
        "SharePointPreventExternalUsersFromResharingEnabled": {
          "PreventExternalUsersFromResharing": true
        },
        "SharePointDefaultLinkTypeRestricted": {
          "DefaultSharingLinkType": 2
        },
        "SharePointDefaultSharingRestricted": {
          "DefaultLinkPermission": 1
        },
        "SharePointLinkExpirationConfigured": {
          "RequireAnonymousLinksExpireInDays": 30
        },
        "SharePointDomainRestrictionConfigured": {
          "SharingDomainRestrictionMode": "AllowList"
        },
        "SharePointSharingAllowedDomainListConfigured": {
          "SharingDomainRestrictionMode": "AllowList",
          "SharingAllowedDomainList": "partner.com vendor.com"
        }
      },
      "missingDesiredConfigByControl": {
        "SharePointIdleSessionTimeout": [
          "UNSUPPORTED: Set-SPOTenant does not support IdleSessionSignOut* parameters"
        ]
      }
    },
    "reasonCode": "MISSING_SIGNAL",
    "reasonDetail": "SPO read failed: Interactive SPO auth is disabled. Configure spoAppAuth (clientId/tenantId/certificateThumbprint) in the tenant JSON."
  },
  "status": 424,
  "durationSeconds": 0.0
}