{
  "tenant": "example",
  "controlId": "AuthMethodsTemporaryAccessPassHardened",
  "action": "ensure_applied",
  "displayName": "Authentication Methods: Temporary Access Pass hardened",
  "approved": true,
  "mode": "enforce",
  "state": "COMPLIANT",
  "reasonCode": "ENFORCER_EXECUTED",
  "reasonDetail": "Enforce: already compliant (no change needed).",
  "details": {
    "url": "https://graph.microsoft.com/v1.0/policies/authenticationMethodsPolicy/authenticationMethodConfigurations/temporaryAccessPass",
    "before": {
      "AuthMethodsTemporaryAccessPassHardened": {
        "defaultLifetimeInMinutes": 60
      }
    },
    "desired": {
      "AuthMethodsTemporaryAccessPassHardened": {
        "defaultLifetimeInMinutes": 60
      }
    },
    "reasonCode": "ENFORCER_EXECUTED",
    "reasonDetail": "Enforce: already compliant (no change needed)."
  },
  "status": 200,
  "durationSeconds": 0.541
}