{
  "tenant": "example",
  "controlId": "CAAdminBlockLegacyAuth",
  "action": "ensure_applied",
  "displayName": "Conditional Access: Block legacy authentication for admins (ATLAS-owned)",
  "approved": true,
  "mode": "enforce",
  "state": "COMPLIANT",
  "reasonCode": "ENFORCER_EXECUTED",
  "reasonDetail": "Enforcer executed; no drift",
  "details": {
    "result": {
      "result": "skipped_no_drift",
      "status": 200,
      "policyId": "371d1d61-5d46-487f-8a32-c167e8b3b27a",
      "body": {
        "id": "371d1d61-5d46-487f-8a32-c167e8b3b27a",
        "templateId": null,
        "displayName": "ATLAS - Block Legacy Auth (Admins)",
        "createdDateTime": "2026-01-05T19:19:15.4931722Z",
        "modifiedDateTime": null,
        "state": "enabled",
        "sessionControls": null,
        "conditions": {
          "userRiskLevels": [],
          "signInRiskLevels": [],
          "clientAppTypes": [
            "exchangeActiveSync",
            "other"
          ],
          "servicePrincipalRiskLevels": [],
          "insiderRiskLevels": null,
          "platforms": null,
          "locations": null,
          "devices": null,
          "clientApplications": null,
          "authenticationFlows": null,
          "applications": {
            "includeApplications": [
              "All"
            ],
            "excludeApplications": [],
            "includeUserActions": [],
            "includeAuthenticationContextClassReferences": [],
            "applicationFilter": null
          },
          "users": {
            "includeUsers": [
              "All"
            ],
            "excludeUsers": [],
            "includeGroups": [],
            "excludeGroups": [
              "b71bc79f-f89b-45ad-b11f-a839cf2e9829"
            ],
            "includeRoles": [],
            "excludeRoles": [],
            "includeGuestsOrExternalUsers": null,
            "excludeGuestsOrExternalUsers": null
          }
        },
        "grantControls": {
          "operator": "OR",
          "builtInControls": [
            "block"
          ],
          "customAuthenticationFactors": [],
          "termsOfUse": [],
          "authenticationStrength@odata.context": "https://graph.microsoft.com/v1.0/$metadata#identity/conditionalAccess/policies('371d1d61-5d46-487f-8a32-c167e8b3b27a')/grantControls/authenticationStrength/$entity",
          "authenticationStrength": null
        }
      }
    },
    "desired": {
      "displayName": "ATLAS - Block Legacy Auth (Admins)",
      "state": "enabled",
      "conditions": {
        "users": {
          "includeUsers": [
            "All"
          ],
          "excludeUsers": [],
          "excludeGroups": [
            "b71bc79f-f89b-45ad-b11f-a839cf2e9829"
          ]
        },
        "applications": {
          "includeApplications": [
            "All"
          ],
          "excludeApplications": []
        },
        "clientAppTypes": [
          "exchangeActiveSync",
          "other"
        ]
      },
      "grantControls": {
        "operator": "OR",
        "builtInControls": [
          "block"
        ]
      }
    },
    "reasonCode": "ENFORCER_EXECUTED",
    "reasonDetail": "Enforcer executed; no drift"
  },
  "status": 200,
  "durationSeconds": 0.511
}