{
  "tenant": "example",
  "controlId": "SharePointDefaultSharingRestricted",
  "action": "ensure_applied",
  "displayName": "SharePoint: Default sharing permissions restricted (Secure Score)",
  "approved": true,
  "mode": "enforce",
  "state": "COMPLIANT",
  "reasonCode": "ENFORCER_EXECUTED",
  "reasonDetail": "Enforcer executed; setting verified",
  "details": {
    "adminUrl": "https://6twcdy-admin.sharepoint.com",
    "batchDesiredAll": {
      "PreventExternalUsersFromResharing": true,
      "DefaultSharingLinkType": 2,
      "DefaultLinkPermission": 1,
      "RequireAnonymousLinksExpireInDays": 30,
      "SharingDomainRestrictionMode": "AllowList",
      "SharingAllowedDomainList": "partner.com vendor.com"
    },
    "missingDesiredConfigByControl": {
      "SharePointIdleSessionTimeout": [
        "UNSUPPORTED: Set-SPOTenant does not support IdleSessionSignOut* parameters"
      ]
    },
    "before": {
      "SharePointDefaultSharingRestricted": {
        "DefaultLinkPermission": 1
      }
    },
    "desired": {
      "SharePointDefaultSharingRestricted": {
        "DefaultLinkPermission": 1
      }
    },
    "after": {
      "SharePointDefaultSharingRestricted": {
        "DefaultLinkPermission": 1
      }
    },
    "evaluate": {
      "DefaultLinkPermission": 1
    },
    "applyResult": {
      "ok": true,
      "stdout": "WARNING: The names of some imported commands from the module 'Microsoft.Online.SharePoint.PowerShell' include \nunapproved verbs that might make them less discoverable. To find the commands with unapproved verbs, run the \nImport-Module command again with the Verbose parameter. For a list of approved verbs, type Get-Verb.\nOK",
      "stderr": null,
      "exitCode": 0,
      "adminUrl": "https://6twcdy-admin.sharepoint.com",
      "settings": {
        "PreventExternalUsersFromResharing": true,
        "DefaultSharingLinkType": 2,
        "DefaultLinkPermission": 1,
        "RequireAnonymousLinksExpireInDays": 30,
        "SharingDomainRestrictionMode": "AllowList",
        "SharingAllowedDomainList": "partner.com vendor.com"
      }
    },
    "verifyAttempts": [
      {
        "ok": true,
        "error": null,
        "tenant": {
          "AllowedDomainGuids": null,
          "IdleSessionSignOutAfterSeconds": 0,
          "SharingBlockedDomainList": null,
          "IdleSessionSignOutEnabled": false,
          "DefaultSharingLinkType": 2,
          "PreventExternalUsersFromResharing": true,
          "SharingDomainRestrictionMode": 1,
          "OneDriveSharingCapability": 2,
          "RequireAnonymousLinksExpireInDays": 30,
          "SyncClientRestrictionEnabled": null,
          "DefaultLinkPermission": 1,
          "LegacyAuthProtocolsEnabled": true,
          "SharingAllowedDomainList": "partner.com vendor.com",
          "IdleSessionSignOutWarnAfterSeconds": 0,
          "TenantSyncClientRestriction": {
            "AllowedDomainList": [],
            "GrooveBlockOption": null,
            "BlockMacSync": false,
            "TenantRestrictionEnabled": false
          },
          "SharingCapability": 2
        },
        "adminUrl": "https://6twcdy-admin.sharepoint.com",
        "exitCode": 0
      }
    ],
    "reasonCode": "ENFORCER_EXECUTED",
    "reasonDetail": "Enforcer executed; setting verified"
  },
  "status": 200,
  "durationSeconds": 10.691
}