{
  "tenant": "example",
  "controlId": "SharePointGuestUsersCannotReshare",
  "action": "detect_only",
  "state": "NOT_EVALUATED",
  "displayName": "SharePoint: Guest users cannot share items they don't own (Secure Score)",
  "mode": "detect-only",
  "status": 200,
  "details": {
    "error": "Interactive SPO auth is disabled. Configure spoAppAuth (clientId/tenantId/certificateThumbprint) in the tenant JSON.",
    "raw": {
      "ok": false,
      "error": "Interactive SPO auth is disabled. Configure spoAppAuth (clientId/tenantId/certificateThumbprint) in the tenant JSON.",
      "tenant": null,
      "adminUrl": "https://6twcdy-admin.sharepoint.com",
      "exitCode": 0
    },
    "reasonCode": "CUSTOM_DETECTOR_ERROR",
    "reasonDetail": "Control not evaluated (blocked, missing data, or error)."
  },
  "reason": "SPO tenant settings detector failed (SPO PowerShell).",
  "reasonCode": "CUSTOM_DETECTOR_ERROR",
  "reasonDetail": "Control not evaluated (blocked, missing data, or error).",
  "durationSeconds": 0.0
}