{
  "tenant": "example",
  "controlId": "TeamsDesignatedPresenterConfigured",
  "action": "detect_only",
  "state": "NOT_EVALUATED",
  "displayName": "Teams: Configure which users are allowed to present (Secure Score)",
  "mode": "detect-only",
  "status": 200,
  "scorePct": 0.0,
  "missingSecureScoreControlIds": null,
  "secureScoreControlId": "meeting_designatedpresenter_v1",
  "title": "Configure which users are allowed to present in Teams meetings",
  "implementationStatus": "",
  "actionUrl": "https://admin.teams.microsoft.com/policies/meetings",
  "details": {
    "error": "PowerShell exited with 1",
    "raw": {
      "ok": false,
      "error": "PowerShell exited with 1"
    },
    "reasonCode": "CUSTOM_DETECTOR_ERROR",
    "reasonDetail": "Teams meeting policy detector failed (MicrosoftTeams PowerShell)."
  },
  "fallbackDetector": null,
  "reason": "detect-only registry control (no enforcement implemented)",
  "reasonCode": "CUSTOM_DETECTOR_ERROR",
  "reasonDetail": "Teams meeting policy detector failed (MicrosoftTeams PowerShell).",
  "durationSeconds": 0.0
}