{
  "controlId": "EXOOutlookAddinsBlocked",
  "name": "Exchange Online: Ensure users installing Outlook add-ins is not allowed (Secure Score)",
  "category": "Email",
  "tier": 1,
  "mode": "detect-only",
  "state": "NOT_EVALUATED",
  "reasonCode": "DETECTOR_ERROR",
  "reasonDetail": "EXO detector failed: EXO PowerShell call failed",
  "details": {
    "reason": "EXO PowerShell call failed",
    "stderr": "Import-Module : The specified module 'ExchangeOnlineManagement' was not loaded because no valid module file was found \nin any module directory.\nAt C:\\Users\\Alex\\desktop\\atlas\\engine\\detectors\\exo_outlook_addins_blocked.ps1:9 char:1\n+ Import-Module ExchangeOnlineManagement\n+ ~~~~~~~~~~~~~~~~~~~~~~~~~~~~~~~~~~~~~~\n    + CategoryInfo          : ResourceUnavailable: (ExchangeOnlineManagement:String) [Import-Module], FileNotFoundExce \n   ption\n    + FullyQualifiedErrorId : Modules_ModuleNotFound,Microsoft.PowerShell.Commands.ImportModuleCommand",
    "stdout": "",
    "exitCode": 1,
    "script": "exo_outlook_addins_blocked.ps1",
    "reasonCode": "DETECTOR_ERROR",
    "reasonDetail": "EXO detector failed: EXO PowerShell call failed"
  },
  "tenant": "example",
  "durationSeconds": 0.391
}