{
  "tenant": "example",
  "controlId": "PasswordProtectionOnPremGap",
  "action": "detect_only",
  "state": "DRIFTED",
  "displayName": "Entra ID: Password protection enabled for on-prem AD (Secure Score gap only)",
  "mode": "detect-only",
  "status": 200,
  "scorePct": 0.0,
  "missingSecureScoreControlIds": null,
  "secureScoreControlId": "aad_password_protection",
  "title": "Ensure password protection is enabled for on-prem Active Directory",
  "implementationStatus": "Microsoft Entra ID Password Protection is not configured",
  "actionUrl": "https://learn.microsoft.com/en-us/azure/active-directory/authentication/howto-password-ban-bad-on-premises-operations",
  "details": {
    "reasonCode": "DETECT_ONLY_EVALUATED",
    "reasonDetail": "detect-only registry control evaluated via Secure Score"
  },
  "fallbackDetector": null,
  "reason": "detect-only registry control (no enforcement implemented)",
  "reasonCode": "DETECT_ONLY_EVALUATED",
  "reasonDetail": "detect-only registry control evaluated via Secure Score",
  "durationSeconds": 0.0
}