{
  "tenant": "example",
  "controlId": "MDOSafeAttachments",
  "action": "ensure_applied",
  "displayName": "Defender for Office 365: Safe Attachments enabled (status check)",
  "approved": true,
  "mode": "enforce",
  "state": "COMPLIANT",
  "reasonCode": "ENFORCER_EXECUTED",
  "reasonDetail": "Enforcer executed; safe attachments rule enabled/verified",
  "details": {
    "result": {
      "mode": "enforce",
      "compliant": true,
      "action": "no_change",
      "before": {
        "policyCount": 2,
        "ruleCount": 1,
        "policies": [
          {
            "Name": "Built-In Protection Policy",
            "Enable": true,
            "Action": "Block",
            "IsBuiltInProtection": true,
            "IsValid": true,
            "Identity": "Built-In Protection Policy"
          },
          {
            "Name": "ATLAS Safe Attachments Policy",
            "Enable": true,
            "Action": "Block",
            "IsBuiltInProtection": false,
            "IsValid": true,
            "Identity": "ATLAS Safe Attachments Policy"
          }
        ],
        "rules": [
          {
            "Name": "ATLAS Baseline SafeAttachments",
            "State": "Enabled",
            "SafeAttachmentPolicy": "ATLAS Safe Attachments Policy",
            "Priority": 0,
            "Identity": "ATLAS Baseline SafeAttachments"
          }
        ]
      }
    },
    "reasonCode": "ENFORCER_EXECUTED",
    "reasonDetail": "Enforcer executed; safe attachments rule enabled/verified"
  },
  "status": 200,
  "durationSeconds": 8.472
}