{
  "tenant": "example",
  "controlId": "Tier3AuthMethodsReadiness",
  "action": "detect_only",
  "state": "COMPLIANT",
  "displayName": "Tier 3 Readiness: Phishing-resistant MFA methods available (FIDO2 / WHfB) + TAP bootstrap",
  "mode": "detect-only",
  "status": 200,
  "details": {
    "methodStates": {
      "fido2": "enabled",
      "windowsHelloForBusiness": "unknown",
      "temporaryAccessPass": "enabled"
    },
    "phishingResistantReady": true,
    "tapEnabled": true,
    "recommendations": [],
    "reasonCode": "TIER3_EVALUATED",
    "reasonDetail": "Tier3 (additive) evaluation completed."
  },
  "reason": "Tier 3 readiness detector (Authentication Methods Policy)",
  "reasonCode": "TIER3_EVALUATED",
  "reasonDetail": "Tier3 (additive) evaluation completed.",
  "durationSeconds": 0.466
}