{
  "tenant": "example",
  "controlId": "OneDriveExternalSharingRestricted",
  "action": "detect_only",
  "state": "NOT_EVALUATED",
  "displayName": "OneDrive: External sharing restricted (Secure Score)",
  "mode": "report-only",
  "status": 200,
  "scorePct": null,
  "missingSecureScoreControlIds": [
    "onedrive_external_sharing_restricted"
  ],
  "secureScoreControlId": "OneDriveExternalSharingRestricted",
  "title": "OneDrive: External sharing restricted (Secure Score)",
  "implementationStatus": "",
  "actionUrl": "",
  "details": {
    "reasonCode": "FALLBACK_DETECTOR_ERROR",
    "reasonDetail": "SPO fallback detector failed: Interactive SPO auth is disabled. Configure spoAppAuth (clientId/tenantId/certificateThumbprint) in the tenant JSON."
  },
  "fallbackDetector": {
    "name": "spo_tenant_settings",
    "result": {
      "ok": false,
      "error": "Interactive SPO auth is disabled. Configure spoAppAuth (clientId/tenantId/certificateThumbprint) in the tenant JSON.",
      "tenant": null,
      "adminUrl": "https://6twcdy-admin.sharepoint.com",
      "exitCode": 0
    }
  },
  "reason": "detect-only registry control (no enforcement implemented)",
  "reasonCode": "FALLBACK_DETECTOR_ERROR",
  "reasonDetail": "SPO fallback detector failed: Interactive SPO auth is disabled. Configure spoAppAuth (clientId/tenantId/certificateThumbprint) in the tenant JSON.",
  "durationSeconds": 0.0
}