{
  "tenant": "example",
  "controlId": "Tier3AuthorizationPolicyProbe",
  "action": "detect",
  "displayName": "Tier3 - Authorization Policy Probe",
  "approved": true,
  "mode": "detect-only",
  "state": "COMPLIANT",
  "reasonCode": "CUSTOM_DETECTOR_EVALUATED",
  "reasonDetail": "Authorization policy probe (read-only)",
  "details": {
    "authorizationPolicy": {
      "allowEmailVerifiedUsersToJoinOrganization": false,
      "allowInvitesFrom": "adminsAndGuestInviters",
      "allowedToSignUpEmailBasedSubscriptions": false,
      "defaultUserRolePermissions": {
        "allowedToCreateApps": false,
        "allowedToCreateSecurityGroups": false,
        "allowedToCreateTenants": false,
        "allowedToReadBitlockerKeysForOwnedDevice": false,
        "allowedToReadOtherUsers": false,
        "permissionGrantPoliciesAssigned": [
          "ManagePermissionGrantsForSelf.microsoft-user-default-recommended"
        ]
      }
    },
    "reasonCode": "CUSTOM_DETECTOR_EVALUATED",
    "reasonDetail": "Authorization policy probe (read-only)"
  },
  "status": 200,
  "durationSeconds": 0.395
}