{
  "tenant": "example",
  "controlId": "CAAdminSignInFrequencySessionTimeout",
  "action": "ensure_applied",
  "displayName": "Conditional Access: Admin sign-in frequency set + browser sessions not persistent (Secure Score)",
  "approved": true,
  "mode": "enforce",
  "state": "COMPLIANT",
  "reasonCode": "ENFORCER_EXECUTED",
  "reasonDetail": "Enforcer executed; no drift",
  "details": {
    "result": {
      "result": "skipped_no_drift",
      "status": 200,
      "policyId": "8bd7288f-da23-4cd7-913d-48709e8921f9",
      "body": {
        "id": "8bd7288f-da23-4cd7-913d-48709e8921f9",
        "templateId": null,
        "displayName": "ATLAS - Admin Sign-in Frequency + Non-persistent Browser Sessions",
        "createdDateTime": "2026-01-24T16:11:50.3783065Z",
        "modifiedDateTime": null,
        "state": "enabled",
        "grantControls": null,
        "conditions": {
          "userRiskLevels": [],
          "signInRiskLevels": [],
          "clientAppTypes": [
            "all"
          ],
          "servicePrincipalRiskLevels": [],
          "insiderRiskLevels": null,
          "platforms": null,
          "locations": null,
          "devices": null,
          "clientApplications": null,
          "authenticationFlows": null,
          "applications": {
            "includeApplications": [
              "All"
            ],
            "excludeApplications": [],
            "includeUserActions": [],
            "includeAuthenticationContextClassReferences": [],
            "applicationFilter": null
          },
          "users": {
            "includeUsers": [
              "All"
            ],
            "excludeUsers": [],
            "includeGroups": [],
            "excludeGroups": [
              "b71bc79f-f89b-45ad-b11f-a839cf2e9829"
            ],
            "includeRoles": [],
            "excludeRoles": [],
            "includeGuestsOrExternalUsers": null,
            "excludeGuestsOrExternalUsers": null
          }
        },
        "sessionControls": {
          "disableResilienceDefaults": null,
          "applicationEnforcedRestrictions": null,
          "cloudAppSecurity": null,
          "secureSignInSession": null,
          "signInFrequency": {
            "value": 1,
            "type": "hours",
            "authenticationType": "primaryAndSecondaryAuthentication",
            "frequencyInterval": "timeBased",
            "isEnabled": true
          },
          "persistentBrowser": {
            "mode": "never",
            "isEnabled": true
          }
        }
      }
    },
    "desired": {
      "displayName": "ATLAS - Admin Sign-in Frequency + Non-persistent Browser Sessions",
      "state": "enabled",
      "conditions": {
        "users": {
          "includeUsers": [
            "All"
          ],
          "excludeUsers": [],
          "excludeGroups": [
            "b71bc79f-f89b-45ad-b11f-a839cf2e9829"
          ]
        },
        "applications": {
          "includeApplications": [
            "All"
          ]
        },
        "clientAppTypes": [
          "all"
        ]
      },
      "sessionControls": {
        "signInFrequency": {
          "type": "hours",
          "value": 1,
          "isEnabled": true
        },
        "persistentBrowser": {
          "mode": "never",
          "isEnabled": true
        }
      }
    },
    "reasonCode": "ENFORCER_EXECUTED",
    "reasonDetail": "Enforcer executed; no drift"
  },
  "status": 200,
  "durationSeconds": 1.159
}