{
  "tenant": "example",
  "controlId": "AuditLogSearchEnabled",
  "action": "detect_only",
  "state": "DRIFTED",
  "displayName": "Enable unified audit log search",
  "mode": "detect-only",
  "status": 200,
  "details": {
    "unifiedAuditLogIngestionEnabled": false,
    "reasonCode": "CUSTOM_DETECTOR_EVALUATED",
    "reasonDetail": "Evaluated via Exchange Online (Get-AdminAuditLogConfig)"
  },
  "reasonCode": "CUSTOM_DETECTOR_EVALUATED",
  "reasonDetail": "Evaluated via Exchange Online (Get-AdminAuditLogConfig)",
  "reason": "Evaluated via Exchange Online (Get-AdminAuditLogConfig)",
  "durationSeconds": 0.0
}