{
  "tenant": "example",
  "controlId": "TeamsFileSharingRestricted",
  "action": "detect_only",
  "state": "NOT_EVALUATED",
  "displayName": "Teams: File sharing restricted (Secure Score)",
  "mode": "report-only",
  "status": 200,
  "scorePct": null,
  "missingSecureScoreControlIds": [
    "teams_file_sharing_restricted"
  ],
  "secureScoreControlId": "TeamsFileSharingRestricted",
  "title": "Teams: File sharing restricted (Secure Score)",
  "implementationStatus": "",
  "actionUrl": "",
  "details": {
    "reasonCode": "FALLBACK_DETECTOR_PREREQ_MISSING",
    "reasonDetail": "Teams tenant settings fallback requires MicrosoftTeams PowerShell module on the runner host."
  },
  "fallbackDetector": {
    "name": "teams_tenant_settings",
    "result": {
      "ok": false,
      "error": "MicrosoftTeams PowerShell module is not installed. Install-Module MicrosoftTeams",
      "tenant": {}
    }
  },
  "reason": "detect-only registry control (no enforcement implemented)",
  "reasonCode": "FALLBACK_DETECTOR_PREREQ_MISSING",
  "reasonDetail": "Teams tenant settings fallback requires MicrosoftTeams PowerShell module on the runner host.",
  "durationSeconds": 0.0
}