{
  "tenant": "example",
  "controlId": "AdminOwnedAppsRestricted",
  "action": "ensure_applied",
  "displayName": "Restrict user owned apps and services",
  "approved": true,
  "mode": "enforce",
  "state": "COMPLIANT",
  "reasonCode": "ENFORCER_EXECUTED",
  "reasonDetail": "Already in desired state; no changes applied",
  "details": {
    "url": "https://graph.microsoft.com/v1.0/policies/authorizationPolicy",
    "before": {
      "AdminOwnedAppsRestricted": false
    },
    "desired": {
      "AdminOwnedAppsRestricted": false
    },
    "reasonCode": "ENFORCER_EXECUTED",
    "reasonDetail": "Already in desired state; no changes applied"
  },
  "status": 200,
  "durationSeconds": 0.366
}