{
  "controlId": "EXOOutlookAddinsBlocked",
  "name": "Exchange Online: Ensure users installing Outlook add-ins is not allowed (Secure Score)",
  "category": "Email",
  "tier": 1,
  "mode": "detect-only",
  "state": "DRIFTED",
  "reasonCode": "CUSTOM_DETECTOR_EVALUATED",
  "reasonDetail": "Evaluated via Exchange Online (Get-OrganizationConfig candidate properties)",
  "details": {
    "candidates": {
      "AppsForOfficeEnabled": true,
      "OutlookAddInsEnabled": null
    },
    "cmdletsUsed": [
      "Get-OrganizationConfig"
    ],
    "errors": {},
    "reasonCode": "CUSTOM_DETECTOR_EVALUATED",
    "reasonDetail": "Evaluated via Exchange Online (Get-OrganizationConfig candidate properties)"
  },
  "tenant": "example",
  "durationSeconds": 0.0
}