{
  "tenant": "example",
  "controlId": "Tier3AuthMethodsReadiness",
  "action": "detect_only",
  "state": "DRIFTED",
  "displayName": "Tier 3 Readiness: Phishing-resistant MFA methods available (FIDO2 / WHfB) + TAP bootstrap",
  "mode": "detect-only",
  "status": 200,
  "details": {
    "methodStates": {
      "fido2": "disabled",
      "windowsHelloForBusiness": "unknown",
      "temporaryAccessPass": "enabled"
    },
    "phishingResistantReady": false,
    "tapEnabled": true,
    "recommendations": [
      "Enable FIDO2 and/or Windows Hello for Business in Authentication Methods Policy before enforcing Tier 3 phishing-resistant MFA controls."
    ],
    "reasonCode": "TIER3_EVALUATED",
    "reasonDetail": "Tier3 (additive) evaluation completed."
  },
  "reason": "Tier 3 readiness detector (Authentication Methods Policy)",
  "reasonCode": "TIER3_EVALUATED",
  "reasonDetail": "Tier3 (additive) evaluation completed.",
  "durationSeconds": 0.552
}