{
  "tenant": "example",
  "controlId": "SharePointExternalSharingManaged",
  "action": "detect_only",
  "state": "NOT_EVALUATED",
  "displayName": "SharePoint: External sharing managed via domain allow/deny list (Secure Score)",
  "mode": "detect-only",
  "status": 424,
  "details": {
    "error": "Interactive SPO auth is disabled. Configure spoAppAuth (clientId/tenantId/certificateThumbprint) in the tenant JSON.",
    "raw": null,
    "stderr": null,
    "reasonCode": "FALLBACK_DETECTOR_ERROR",
    "reasonDetail": "SPO fallback detector failed: Interactive SPO auth is disabled. Configure spoAppAuth (clientId/tenantId/certificateThumbprint) in the tenant JSON."
  },
  "fallbackDetector": {
    "name": "spo_tenant_settings",
    "result": {
      "ok": false,
      "error": "Interactive SPO auth is disabled. Configure spoAppAuth (clientId/tenantId/certificateThumbprint) in the tenant JSON.",
      "tenant": null,
      "adminUrl": "https://6twcdy-admin.sharepoint.com",
      "exitCode": 0
    }
  },
  "reasonCode": "FALLBACK_DETECTOR_ERROR",
  "reasonDetail": "SPO fallback detector failed: Interactive SPO auth is disabled. Configure spoAppAuth (clientId/tenantId/certificateThumbprint) in the tenant JSON.",
  "reason": "SPO fallback detector failed: Interactive SPO auth is disabled. Configure spoAppAuth (clientId/tenantId/certificateThumbprint) in the tenant JSON.",
  "durationSeconds": 0.0
}