{
  "tenant": "example",
  "controlId": "CAAdminPhishingResistantMFA",
  "action": "ensure_applied",
  "displayName": "Conditional Access: Require phishing-resistant MFA strength for administrators (Secure Score)",
  "approved": true,
  "mode": "enforce",
  "state": "COMPLIANT",
  "reasonCode": "ENFORCER_EXECUTED",
  "reasonDetail": "Enforcer executed; policy ensured",
  "details": {
    "result": {
      "result": "updated",
      "status": 204,
      "policyId": "6347ca38-f065-4011-9e88-4fb63aaa7046",
      "body": null
    },
    "desired": {
      "displayName": "ATLAS - Admin Phishing-resistant MFA Strength",
      "state": "enabled",
      "conditions": {
        "users": {
          "includeUsers": [
            "All"
          ],
          "excludeUsers": [],
          "excludeGroups": [
            "b71bc79f-f89b-45ad-b11f-a839cf2e9829"
          ]
        },
        "applications": {
          "includeApplications": [
            "All"
          ]
        },
        "clientAppTypes": [
          "all"
        ]
      },
      "grantControls": {
        "operator": "AND",
        "authenticationStrength": {
          "id": "00000000-0000-0000-0000-000000000004"
        }
      }
    },
    "reasonCode": "ENFORCER_EXECUTED",
    "reasonDetail": "Enforcer executed; policy ensured"
  },
  "status": 204,
  "durationSeconds": 2.359
}