{
  "tenant": "example",
  "controlId": "CAAdminMFAAllApps",
  "action": "ensure_applied",
  "displayName": "Conditional Access: Require MFA for admins across all apps (ATLAS-owned)",
  "approved": true,
  "mode": "enforce",
  "state": "COMPLIANT",
  "reasonCode": "ENFORCER_EXECUTED",
  "reasonDetail": "Enforcer executed; no drift",
  "details": {
    "result": {
      "result": "skipped_no_drift",
      "status": 200,
      "policyId": "90f344f4-d2b2-47e8-a841-cb71e01de2fd",
      "body": {
        "id": "90f344f4-d2b2-47e8-a841-cb71e01de2fd",
        "templateId": null,
        "displayName": "ATLAS - Admin MFA (Report Only)",
        "createdDateTime": "2026-01-05T19:18:30.7851523Z",
        "modifiedDateTime": "2026-01-19T17:31:45.8000003Z",
        "state": "enabled",
        "sessionControls": null,
        "conditions": {
          "userRiskLevels": [],
          "signInRiskLevels": [],
          "clientAppTypes": [
            "all"
          ],
          "servicePrincipalRiskLevels": [],
          "insiderRiskLevels": null,
          "platforms": null,
          "locations": null,
          "devices": null,
          "clientApplications": null,
          "authenticationFlows": null,
          "applications": {
            "includeApplications": [
              "All"
            ],
            "excludeApplications": [],
            "includeUserActions": [],
            "includeAuthenticationContextClassReferences": [],
            "applicationFilter": null
          },
          "users": {
            "includeUsers": [
              "All"
            ],
            "excludeUsers": [],
            "includeGroups": [],
            "excludeGroups": [
              "b71bc79f-f89b-45ad-b11f-a839cf2e9829"
            ],
            "includeRoles": [],
            "excludeRoles": [],
            "includeGuestsOrExternalUsers": null,
            "excludeGuestsOrExternalUsers": null
          }
        },
        "grantControls": {
          "operator": "OR",
          "builtInControls": [
            "mfa"
          ],
          "customAuthenticationFactors": [],
          "termsOfUse": [],
          "authenticationStrength@odata.context": "https://graph.microsoft.com/v1.0/$metadata#identity/conditionalAccess/policies('90f344f4-d2b2-47e8-a841-cb71e01de2fd')/grantControls/authenticationStrength/$entity",
          "authenticationStrength": null
        }
      }
    },
    "desired": {
      "displayName": "ATLAS - Admin MFA (Report Only)",
      "state": "enabled",
      "conditions": {
        "clientAppTypes": [
          "all"
        ],
        "applications": {
          "includeApplications": [
            "All"
          ]
        },
        "users": {
          "includeUsers": [
            "All"
          ],
          "excludeUsers": [],
          "excludeGroups": [
            "b71bc79f-f89b-45ad-b11f-a839cf2e9829"
          ]
        }
      },
      "grantControls": {
        "operator": "OR",
        "builtInControls": [
          "mfa"
        ]
      }
    },
    "reasonCode": "ENFORCER_EXECUTED",
    "reasonDetail": "Enforcer executed; no drift"
  },
  "status": 200,
  "durationSeconds": 0.426
}