{
  "tenant": "example",
  "controlId": "MDOSafeLinksOfficeApps",
  "action": "ensure_applied",
  "displayName": "Defender for Office 365: Safe Links enabled for Office applications (Secure Score)",
  "approved": true,
  "mode": "enforce",
  "state": "COMPLIANT",
  "reasonCode": "ENFORCER_EXECUTED",
  "reasonDetail": "Enforcer executed",
  "details": {
    "result": {
      "mode": "enforce",
      "action": "no_change",
      "compliant": true,
      "target": "ATLAS Safe Links Policy",
      "before": {
        "policyCount": 2,
        "ruleCount": 1,
        "policies": [
          {
            "Name": "Built-In Protection Policy",
            "IsDefault": null,
            "Identity": "Built-In Protection Policy",
            "EnableSafeLinksForOffice": true,
            "TrackClicks": true,
            "AllowClickThrough": true
          },
          {
            "Name": "ATLAS Safe Links Policy",
            "IsDefault": null,
            "Identity": "ATLAS Safe Links Policy",
            "EnableSafeLinksForOffice": true,
            "TrackClicks": true,
            "AllowClickThrough": false
          }
        ],
        "rules": [
          {
            "Name": "ATLAS Baseline SafeLinks",
            "State": "Enabled",
            "SafeLinksPolicy": "ATLAS Safe Links Policy",
            "Priority": 0,
            "Identity": "ATLAS Baseline SafeLinks"
          }
        ]
      }
    },
    "reasonCode": "ENFORCER_EXECUTED",
    "reasonDetail": "Enforcer executed"
  },
  "status": 200,
  "durationSeconds": 8.093
}