{
  "tenant": "example",
  "controlId": "AdminConsentWorkflowEnabled",
  "action": "ensure_applied",
  "displayName": "Entra ID: Admin consent workflow enabled (Secure Score)",
  "approved": true,
  "mode": "enforce",
  "state": "COMPLIANT",
  "reasonCode": "ENFORCER_EXECUTED",
  "reasonDetail": "Enforcer executed; post-state verified",
  "details": {
    "url": "https://graph.microsoft.com/v1.0/policies/adminConsentRequestPolicy",
    "before": {
      "AdminConsentWorkflowEnabled": true
    },
    "desired": {
      "AdminConsentWorkflowEnabled": true
    },
    "apply": {
      "status": 204,
      "response": null
    },
    "verify": {
      "status": 200,
      "attempt": 1,
      "response": "{\"@odata.context\":\"https://graph.microsoft.com/v1.0/$metadata#policies/adminConsentRequestPolicy/$entity\",\"isEnabled\":true,\"notifyReviewers\":false,\"remindersEnabled\":false,\"requestDurationInDays\":0,\"version\":0,\"reviewers\":[]}"
    },
    "after": {
      "AdminConsentWorkflowEnabled": true
    },
    "reasonCode": "ENFORCER_EXECUTED",
    "reasonDetail": "Enforcer executed; post-state verified"
  },
  "status": 200,
  "durationSeconds": 1.86
}