{
  "tenant": "example",
  "controlId": "MailboxAuditingEnabled",
  "action": "detect_only",
  "state": "DRIFTED",
  "displayName": "Ensure mailbox auditing is enabled for all users",
  "mode": "detect-only",
  "status": 200,
  "details": {
    "auditDisabled": false,
    "mailboxesAuditingDisabledCount": 1,
    "mailboxesAuditingDisabledSamples": [
      "DiscoverySearchMailbox{D919BA05-46A6-415f-80AD-7E09334BB852}"
    ],
    "bypassAssociationsCount": 140,
    "bypassAssociationsSamples": [
      "SystemMailbox{bb558c35-97f1-4cb9-8ff7-d53741dc928c}",
      "SystemMailbox{e0dc1c29-89c3-4034-b678-e6c29d823ed9}",
      "Migration.8f3e7716-2011-43e4-96b1-aba62d229136",
      "SystemMailbox{D0E409A0-AF9B-4720-92FE-AAC869B0D201}",
      "OrgContacts_38CF9FA0-F551-44EB-A9C5-0A7B41019E0D",
      "TenantSetting_E29644B8-9FC2-458D-8512-BF925256183E",
      "TenantSetting_AC9A8876-0461-47EA-9d4C-FE8D02AEF7D5",
      "SystemMailbox{0AF09B7F-434F-4B2F-9CBC-57639EDCFD9C}",
      "SystemMailbox{2C41C89D-35A4-465B-B69B-6F1FC54D8B03}",
      "OrgExtensionProperties0_ED5B1323-0DC1-43D3-96C7-0049903548CF"
    ],
    "cmdletsUsed": [
      "Get-OrganizationConfig",
      "Get-EXOMailbox",
      "Get-MailboxAuditBypassAssociation"
    ],
    "errors": {},
    "reasonCode": "CUSTOM_DETECTOR_EVALUATED",
    "reasonDetail": "Evaluated via Exchange Online (Get-OrganizationConfig + Get-EXOMailbox); 140 mailbox audit bypass association(s) detected (info-only)"
  },
  "reasonCode": "CUSTOM_DETECTOR_EVALUATED",
  "reasonDetail": "Evaluated via Exchange Online (Get-OrganizationConfig + Get-EXOMailbox); 140 mailbox audit bypass association(s) detected (info-only)",
  "reason": "Evaluated via Exchange Online (Get-OrganizationConfig + Get-EXOMailbox); 140 mailbox audit bypass association(s) detected (info-only)",
  "durationSeconds": 0.0
}