{
  "tenant": "example",
  "controlId": "AuthMethodsTemporaryAccessPassUsableOnce",
  "action": "ensure_applied",
  "displayName": "Authentication Methods: Temporary Access Pass usable once",
  "approved": true,
  "mode": "enforce",
  "state": "NOT_EVALUATED",
  "reasonCode": "POLICY_CONSTRAINT",
  "reasonDetail": "TAP targets all users; usable-once enforcement is blocked.",
  "details": {
    "url": "https://graph.microsoft.com/v1.0/policies/authenticationMethodsPolicy/authenticationMethodConfigurations/temporaryAccessPass",
    "includeTargets": [
      {
        "targetType": "group",
        "id": "all_users",
        "isRegistrationRequired": false
      }
    ],
    "note": "Refusing to enforce isUsableOnce when TAP targets all users; this commonly fails to persist and is high risk.",
    "remediation": "Scope TAP to a piloted group, then re-run with approval to enforce usable-once.",
    "reasonCode": "POLICY_CONSTRAINT",
    "reasonDetail": "TAP targets all users; usable-once enforcement is blocked."
  },
  "status": 409,
  "durationSeconds": 0.685
}