{
  "tenant": "example",
  "controlId": "CAAdminMFAAllApps",
  "action": "ensure_applied",
  "displayName": "Conditional Access: Require MFA for admins across all apps (ATLAS-owned)",
  "approved": true,
  "mode": "enforce",
  "state": "COMPLIANT",
  "reasonCode": "ENFORCER_EXECUTED",
  "reasonDetail": "Enforcer executed; policy ensured",
  "details": {
    "result": {
      "result": "created",
      "status": 201,
      "policyId": "7dff56ad-d210-42e6-94f7-766f2a5b6b0e",
      "body": {
        "@odata.context": "https://graph.microsoft.com/v1.0/$metadata#identity/conditionalAccess/policies/$entity",
        "id": "7dff56ad-d210-42e6-94f7-766f2a5b6b0e",
        "templateId": null,
        "displayName": "ATLAS - Admin MFA",
        "createdDateTime": "2026-01-27T14:09:00.1525078Z",
        "modifiedDateTime": null,
        "state": "enabled",
        "sessionControls": null,
        "conditions": {
          "userRiskLevels": [],
          "signInRiskLevels": [],
          "clientAppTypes": [
            "all"
          ],
          "servicePrincipalRiskLevels": [],
          "insiderRiskLevels": null,
          "platforms": null,
          "locations": null,
          "devices": null,
          "clientApplications": null,
          "authenticationFlows": null,
          "applications": {
            "includeApplications": [
              "All"
            ],
            "excludeApplications": [],
            "includeUserActions": [],
            "includeAuthenticationContextClassReferences": [],
            "applicationFilter": null
          },
          "users": {
            "includeUsers": [
              "All"
            ],
            "excludeUsers": [],
            "includeGroups": [],
            "excludeGroups": [
              "b71bc79f-f89b-45ad-b11f-a839cf2e9829"
            ],
            "includeRoles": [],
            "excludeRoles": [],
            "includeGuestsOrExternalUsers": null,
            "excludeGuestsOrExternalUsers": null
          }
        },
        "grantControls": {
          "operator": "OR",
          "builtInControls": [
            "mfa"
          ],
          "customAuthenticationFactors": [],
          "termsOfUse": [],
          "authenticationStrength@odata.context": "https://graph.microsoft.com/v1.0/$metadata#identity/conditionalAccess/policies('7dff56ad-d210-42e6-94f7-766f2a5b6b0e')/grantControls/authenticationStrength/$entity",
          "authenticationStrength": null
        }
      }
    },
    "desired": {
      "displayName": "ATLAS - Admin MFA",
      "state": "enabled",
      "conditions": {
        "clientAppTypes": [
          "all"
        ],
        "applications": {
          "includeApplications": [
            "All"
          ]
        },
        "users": {
          "includeUsers": [
            "All"
          ],
          "excludeUsers": [],
          "excludeGroups": [
            "b71bc79f-f89b-45ad-b11f-a839cf2e9829"
          ]
        }
      },
      "grantControls": {
        "operator": "OR",
        "builtInControls": [
          "mfa"
        ]
      }
    },
    "reasonCode": "ENFORCER_EXECUTED",
    "reasonDetail": "Enforcer executed; policy ensured"
  },
  "status": 201,
  "durationSeconds": 1.33
}