{
  "tenant": "example",
  "controlId": "AuthMethodsX509CertificateDisabled",
  "action": "ensure_applied",
  "displayName": "Authentication Methods: X.509 certificate auth disabled",
  "approved": true,
  "mode": "enforce",
  "state": "COMPLIANT",
  "reasonCode": "ENFORCER_EXECUTED",
  "reasonDetail": "Enforce: already compliant (no change needed).",
  "details": {
    "url": "https://graph.microsoft.com/v1.0/policies/authenticationMethodsPolicy/authenticationMethodConfigurations/x509Certificate",
    "before": {
      "AuthMethodsX509CertificateDisabled": "disabled"
    },
    "desired": {
      "AuthMethodsX509CertificateDisabled": "disabled"
    },
    "reasonCode": "ENFORCER_EXECUTED",
    "reasonDetail": "Enforce: already compliant (no change needed)."
  },
  "status": 200,
  "durationSeconds": 0.522
}