{
  "tenant": "example",
  "controlId": "AuthMethodsSoftwareOathEnabled",
  "action": "ensure_applied",
  "displayName": "Authentication Methods: Software OATH enabled",
  "approved": true,
  "mode": "enforce",
  "state": "COMPLIANT",
  "reasonCode": "ENFORCER_EXECUTED",
  "reasonDetail": "Enforce: already compliant (no change needed).",
  "details": {
    "url": "https://graph.microsoft.com/v1.0/policies/authenticationMethodsPolicy/authenticationMethodConfigurations/softwareOath",
    "before": {
      "AuthMethodsSoftwareOathEnabled": "enabled"
    },
    "desired": {
      "AuthMethodsSoftwareOathEnabled": "enabled"
    },
    "reasonCode": "ENFORCER_EXECUTED",
    "reasonDetail": "Enforce: already compliant (no change needed)."
  },
  "status": 200,
  "durationSeconds": 0.56
}