{
  "tenant": "example",
  "controlId": "MDOSafeAttachments",
  "action": "detect_only",
  "state": "ERROR",
  "displayName": "Defender for Office 365: Safe Attachments enabled (status check)",
  "mode": "detect-only",
  "status": 200,
  "details": {
    "reason": "EXO PowerShell call failed",
    "stderr": "Import-Module : The specified module 'ExchangeOnlineManagement' was not loaded because no valid module file was found \nin any module directory.\nAt C:\\Users\\Alex\\desktop\\atlas\\engine\\detectors\\exo_safe_attachments.ps1:8 char:1\n+ Import-Module ExchangeOnlineManagement\n+ ~~~~~~~~~~~~~~~~~~~~~~~~~~~~~~~~~~~~~~\n    + CategoryInfo          : ResourceUnavailable: (ExchangeOnlineManagement:String) [Import-Module], FileNotFoundExce \n   ption\n    + FullyQualifiedErrorId : Modules_ModuleNotFound,Microsoft.PowerShell.Commands.ImportModuleCommand",
    "stdout": "",
    "exitCode": 1,
    "script": "engine\\detectors\\exo_safe_attachments.ps1",
    "reasonCode": "DETECT_ONLY_EVALUATED",
    "reasonDetail": "Detect-only evaluation completed."
  },
  "reason": "standalone detect-only detector",
  "reasonCode": "DETECT_ONLY_EVALUATED",
  "reasonDetail": "Detect-only evaluation completed.",
  "durationSeconds": 0.394
}