{
  "tenant": "example",
  "controlId": "CAAdminSignInFrequencySessionTimeout",
  "action": "tier3_gate_blocked",
  "state": "NOT_EVALUATED",
  "displayName": "Conditional Access: Admin sign-in frequency set + browser sessions not persistent (Secure Score)",
  "approved": true,
  "mode": "enforce",
  "status": 409,
  "reason": "Tier 3 control not enforced: missing required acknowledgements",
  "details": {
    "missing": [
      "acknowledgeBusinessImpact:true",
      "onboardingReviewed:true"
    ],
    "hint": "Complete Tier 3 acknowledgements to view technical readiness requirements.",
    "reasonCode": "TIER3_BLOCKED",
    "reasonDetail": "Tier 3 control not enforced: missing required acknowledgements"
  },
  "reasonCode": "TIER3_BLOCKED",
  "reasonDetail": "Tier 3 control not enforced: missing required acknowledgements"
}