{
  "tenant": "example",
  "controlId": "AuthMethodsHardwareOathEnabled",
  "action": "ensure_applied",
  "displayName": "Authentication Methods: Hardware OATH enabled",
  "approved": true,
  "mode": "enforce",
  "state": "NOT_EVALUATED",
  "reasonCode": "UNSUPPORTED_MODE",
  "reasonDetail": "PATCH succeeded but desired TAP settings did not persist (likely constrained by includeTargets/tenant rules).",
  "details": {
    "url": "https://graph.microsoft.com/v1.0/policies/authenticationMethodsPolicy/authenticationMethodConfigurations/hardwareOath",
    "before": {
      "AuthMethodsHardwareOathEnabled": null
    },
    "desired": {
      "AuthMethodsHardwareOathEnabled": "enabled"
    },
    "apply": {
      "status": 204,
      "applied": {
        "state": "enabled"
      },
      "responseText": null
    },
    "verify": {
      "status": 200,
      "attempt": 5,
      "responseText": null
    },
    "after": {
      "AuthMethodsHardwareOathEnabled": null
    },
    "reasonCode": "UNSUPPORTED_MODE",
    "reasonDetail": "PATCH succeeded but desired TAP settings did not persist (likely constrained by includeTargets/tenant rules)."
  },
  "status": 424,
  "durationSeconds": 11.924
}