{
  "tenant": "example",
  "controlId": "MDOSafeLinks",
  "action": "detect_only",
  "state": "DRIFTED",
  "displayName": "Defender for Office 365: Safe Links enabled (status check)",
  "mode": "detect-only",
  "status": 200,
  "details": {
    "policyCount": 1,
    "activePolicyCount": 0,
    "ruleCount": 1,
    "reason": "No Safe Links policy found",
    "reasonCode": "DETECT_ONLY_EVALUATED",
    "reasonDetail": "Detect-only evaluation completed."
  },
  "reason": "standalone detect-only detector",
  "reasonCode": "DETECT_ONLY_EVALUATED",
  "reasonDetail": "Detect-only evaluation completed.",
  "durationSeconds": 0.0
}