{
  "tenant": "example",
  "controlId": "OneDriveExternalSharingRestricted",
  "action": "detect_only",
  "state": "DRIFTED",
  "displayName": "OneDrive: External sharing restricted (Secure Score)",
  "mode": "report-only",
  "status": 200,
  "scorePct": null,
  "missingSecureScoreControlIds": [
    "onedrive_external_sharing_restricted"
  ],
  "secureScoreControlId": "OneDriveExternalSharingRestricted",
  "title": "OneDrive: External sharing restricted (Secure Score)",
  "implementationStatus": "",
  "actionUrl": "",
  "details": {
    "reasonCode": "FALLBACK_DETECTOR_EVALUATED",
    "reasonDetail": "Secure Score not exposed; evaluated via SharePoint tenant settings (SPO PowerShell)"
  },
  "fallbackDetector": {
    "name": "spo_tenant_settings",
    "result": {
      "ok": true,
      "error": null,
      "tenant": {
        "AllowedDomainGuids": null,
        "IdleSessionSignOutAfterSeconds": 0,
        "SharingBlockedDomainList": null,
        "IdleSessionSignOutEnabled": false,
        "DefaultSharingLinkType": 2,
        "PreventExternalUsersFromResharing": true,
        "SharingDomainRestrictionMode": 1,
        "OneDriveSharingCapability": 2,
        "RequireAnonymousLinksExpireInDays": 30,
        "SyncClientRestrictionEnabled": null,
        "DefaultLinkPermission": 1,
        "LegacyAuthProtocolsEnabled": true,
        "SharingAllowedDomainList": "partner.com vendor.com",
        "IdleSessionSignOutWarnAfterSeconds": 0,
        "TenantSyncClientRestriction": {
          "AllowedDomainList": [],
          "GrooveBlockOption": null,
          "BlockMacSync": false,
          "TenantRestrictionEnabled": false
        },
        "SharingCapability": 2
      },
      "adminUrl": "https://6twcdy-admin.sharepoint.com",
      "exitCode": 0
    }
  },
  "reason": "detect-only registry control (no enforcement implemented)",
  "reasonCode": "FALLBACK_DETECTOR_EVALUATED",
  "reasonDetail": "Secure Score not exposed; evaluated via SharePoint tenant settings (SPO PowerShell)",
  "durationSeconds": 0.0
}