{
  "tenant": "example",
  "controlId": "Tier3PerUserMfaReadiness",
  "action": "detect_only",
  "state": "COMPLIANT",
  "displayName": "Tier 3: Per-user MFA readiness",
  "approved": false,
  "mode": "detect-only",
  "status": 200,
  "details": {
    "reasonCode": "CUSTOM_DETECTOR_EVALUATED",
    "reasonDetail": "Enumerated per-user MFA requirements via Graph beta endpoints (detect-only readiness).",
    "tenantSize": 19,
    "queriedUsers": 19,
    "queryFailures": 0,
    "flaggedCount": 0,
    "flaggedSample": [],
    "failuresSample": [],
    "notes": [
      "This uses Graph beta (/authentication/requirements) and is detect-only.",
      "If flaggedCount > 0, consider migrating to Conditional Access and modern auth methods before cleanup."
    ]
  },
  "reasonCode": "CUSTOM_DETECTOR_EVALUATED",
  "reasonDetail": "Enumerated per-user MFA requirements via Graph beta endpoints (detect-only readiness).",
  "durationSeconds": 1.959
}