{
  "controlId": "MDOMailboxIntelligenceActionsConfigured",
  "name": "Defender for Office 365: Mailbox intelligence actions configured (Secure Score)",
  "category": "Email",
  "tier": 2,
  "mode": "report-only",
  "state": "NOT_EVALUATED",
  "reasonCode": "DETECTOR_ERROR",
  "reasonDetail": "EXO detector failed: EXO PowerShell call failed",
  "details": {
    "reason": "EXO PowerShell call failed",
    "stderr": "Import-Module : The specified module 'ExchangeOnlineManagement' was not loaded because no valid module file was found \nin any module directory.\nAt C:\\Users\\Alex\\desktop\\atlas\\engine\\detectors\\mdo_anti_phishing_policies_tuned.ps1:9 char:1\n+ Import-Module ExchangeOnlineManagement\n+ ~~~~~~~~~~~~~~~~~~~~~~~~~~~~~~~~~~~~~~\n    + CategoryInfo          : ResourceUnavailable: (ExchangeOnlineManagement:String) [Import-Module], FileNotFoundExce \n   ption\n    + FullyQualifiedErrorId : Modules_ModuleNotFound,Microsoft.PowerShell.Commands.ImportModuleCommand",
    "stdout": "",
    "exitCode": 1,
    "script": "mdo_mailbox_intelligence_actions_configured.ps1",
    "reasonCode": "DETECTOR_ERROR",
    "reasonDetail": "EXO detector failed: EXO PowerShell call failed"
  },
  "tenant": "example",
  "durationSeconds": 0.39
}