{
  "tenant": "example",
  "controlId": "SharePointExternalSharingManaged",
  "action": "detect_only",
  "state": "COMPLIANT",
  "displayName": "SharePoint: External sharing managed via domain allow/deny list (Secure Score)",
  "mode": "detect-only",
  "status": 200,
  "details": {
    "SharingDomainRestrictionMode": 1,
    "SharingAllowedDomainList": "partner.com vendor.com",
    "SharingBlockedDomainList": null,
    "reasonCode": "FALLBACK_DETECTOR_EVALUATED",
    "reasonDetail": "Evaluated via SharePoint tenant settings (SPO PowerShell)"
  },
  "fallbackDetector": {
    "name": "spo_tenant_settings",
    "result": {
      "ok": true,
      "error": null,
      "tenant": {
        "AllowedDomainGuids": null,
        "IdleSessionSignOutAfterSeconds": 0,
        "SharingBlockedDomainList": null,
        "IdleSessionSignOutEnabled": false,
        "DefaultSharingLinkType": 2,
        "PreventExternalUsersFromResharing": true,
        "SharingDomainRestrictionMode": 1,
        "OneDriveSharingCapability": 2,
        "RequireAnonymousLinksExpireInDays": 30,
        "SyncClientRestrictionEnabled": null,
        "DefaultLinkPermission": 1,
        "LegacyAuthProtocolsEnabled": true,
        "SharingAllowedDomainList": "partner.com vendor.com",
        "IdleSessionSignOutWarnAfterSeconds": 0,
        "TenantSyncClientRestriction": {
          "AllowedDomainList": [],
          "GrooveBlockOption": null,
          "BlockMacSync": false,
          "TenantRestrictionEnabled": false
        },
        "SharingCapability": 2
      },
      "adminUrl": "https://6twcdy-admin.sharepoint.com",
      "exitCode": 0
    }
  },
  "reasonCode": "FALLBACK_DETECTOR_EVALUATED",
  "reasonDetail": "Evaluated via SharePoint tenant settings (SPO PowerShell)",
  "reason": "Evaluated via SharePoint tenant settings (SPO PowerShell)",
  "durationSeconds": 0.0
}