{
  "tenant": "example",
  "controlId": "GuestInvitesRestrictedToAdminsAndGuestInviters",
  "action": "ensure_applied",
  "displayName": "Entra ID: Restrict guest invites to admins and guest inviters",
  "approved": true,
  "mode": "enforce",
  "state": "COMPLIANT",
  "reasonCode": "ENFORCER_EXECUTED",
  "reasonDetail": "Enforce: already compliant (no change needed).",
  "details": {
    "before": {
      "GuestInvitesRestrictedToAdminsAndGuestInviters": "adminsAndGuestInviters"
    },
    "desired": {
      "GuestInvitesRestrictedToAdminsAndGuestInviters": "adminsAndGuestInviters"
    },
    "approvedForEnforce": true,
    "reasonCode": "ENFORCER_EXECUTED",
    "reasonDetail": "Enforce: already compliant (no change needed)."
  },
  "status": 200,
  "durationSeconds": 0.001
}