[
  {
    "controlId": "meeting_restrictanonymousjoin_v1",
    "category": "Apps",
    "scorePct": 0,
    "title": "Restrict anonymous users from joining meetings",
    "actionUrl": "https://admin.teams.microsoft.com/meetings/settings",
    "implementationStatus": "current status: On"
  },
  {
    "controlId": "meeting_pstnusersbypasslobby_v1",
    "category": "Apps",
    "scorePct": 100,
    "title": "Restrict dial-in users from bypassing a meeting lobby ",
    "actionUrl": "https://admin.teams.microsoft.com/policies/meetings",
    "implementationStatus": ""
  },
  {
    "controlId": "meeting_externalrequestcontrol_v1",
    "category": "Apps",
    "scorePct": 100,
    "title": "Limit external participants from having control in a Teams meeting",
    "actionUrl": "https://admin.teams.microsoft.com/policies/meetings",
    "implementationStatus": ""
  },
  {
    "controlId": "meeting_anonymousstartmeeting_v1",
    "category": "Apps",
    "scorePct": 100,
    "title": "Restrict anonymous users from starting Teams meetings",
    "actionUrl": "https://admin.teams.microsoft.com/policies/meetings",
    "implementationStatus": ""
  },
  {
    "controlId": "meeting_autoadmitusers_v1",
    "category": "Apps",
    "scorePct": 0,
    "title": "Only invited users should be automatically admitted to Teams meetings",
    "actionUrl": "https://admin.teams.microsoft.com/policies/meetings",
    "implementationStatus": ""
  },
  {
    "controlId": "meeting_designatedpresenter_v1",
    "category": "Apps",
    "scorePct": 0,
    "title": "Configure which users are allowed to present in Teams meetings",
    "actionUrl": "https://admin.teams.microsoft.com/policies/meetings",
    "implementationStatus": ""
  },
  {
    "controlId": "IntegratedApps",
    "category": "Identity",
    "scorePct": 0,
    "title": "Ensure user consent to apps accessing company data on their behalf is not allowed",
    "actionUrl": "https://go.microsoft.com/fwlink/?linkid=2119526",
    "implementationStatus": "You have no user consent policy in place."
  },
  {
    "controlId": "PWAgePolicyNew",
    "category": "Identity",
    "scorePct": 100,
    "title": "Ensure the 'Password expiration policy' is set to 'Set passwords to never expire (recommended)'",
    "actionUrl": "https://go.microsoft.com/fwlink/?linkid=2095515",
    "implementationStatus": "Your current policy is set to never let passwords expire."
  },
  {
    "controlId": "SelfServicePasswordReset",
    "category": "Identity",
    "scorePct": 16,
    "title": "Ensure 'Self service password reset enabled' is set to 'All'",
    "actionUrl": "https://go.microsoft.com/fwlink/?linkid=2095518",
    "implementationStatus": "You have 16 of 19 users who don't have self-service password reset enabled."
  },
  {
    "controlId": "BlockLegacyAuthentication",
    "category": "Identity",
    "scorePct": 89,
    "title": "Enable Conditional Access policies to block legacy authentication",
    "actionUrl": "https://go.microsoft.com/fwlink/?linkid=2095010",
    "implementationStatus": "You have 2 of 19 users that don't have legacy authentication blocked."
  },
  {
    "controlId": "MFARegistrationV2",
    "category": "Identity",
    "scorePct": 5,
    "title": "Ensure multifactor authentication is enabled for all users",
    "actionUrl": "https://entra.microsoft.com/#view/Microsoft_AAD_IAM/TenantOverview.ReactView",
    "implementationStatus": "You have 18 out of 19 users that aren\u2019t registered with MFA."
  },
  {
    "controlId": "AdminMFAV2",
    "category": "Identity",
    "scorePct": 33,
    "title": "Ensure multifactor authentication is enabled for all users in administrative roles",
    "actionUrl": "https://go.microsoft.com/fwlink/?linkid=2095010",
    "implementationStatus": "You have 2 out of 3 users with administrative roles that aren\u2019t registered and protected with MFA."
  },
  {
    "controlId": "SigninRiskPolicy",
    "category": "Identity",
    "scorePct": 0,
    "title": "Enable Microsoft Entra ID Identity Protection sign-in risk policies",
    "actionUrl": "https://entra.microsoft.com/#view/Microsoft_AAD_IAM/TenantOverview.ReactView",
    "implementationStatus": "You have 19 of 19 users that don't have the sign-in risky policy turned on."
  },
  {
    "controlId": "UserRiskPolicy",
    "category": "Identity",
    "scorePct": 0,
    "title": "Enable Microsoft Entra ID Identity Protection user risk policies",
    "actionUrl": "https://entra.microsoft.com/#view/Microsoft_AAD_IAM/TenantOverview.ReactView",
    "implementationStatus": "You have 19 users out of 19 that do not have user risk policy enabled."
  },
  {
    "controlId": "OneAdmin",
    "category": "Identity",
    "scorePct": 100,
    "title": "Designate more than one global admin",
    "actionUrl": "https://go.microsoft.com/fwlink/?linkid=2120000",
    "implementationStatus": "You currently have 3 global admins."
  },
  {
    "controlId": "RoleOverlap",
    "category": "Identity",
    "scorePct": 0,
    "title": "Use least privileged administrative roles",
    "actionUrl": "https://go.microsoft.com/fwlink/?linkid=2095457",
    "implementationStatus": "You have 0 users with least privileged administrative roles."
  },
  {
    "controlId": "McasFirewallLogUpload",
    "category": "Apps",
    "scorePct": 0,
    "title": "Deploy a log collector to discover shadow IT activity",
    "actionUrl": "https://security.microsoft.com/cloudapps/settings?tabid=discovery-autoUpload",
    "implementationStatus": "Feature in place: false."
  },
  {
    "controlId": "spo_idle_session_timeout",
    "category": "Apps",
    "scorePct": 0,
    "title": "Sign out inactive users in SharePoint Online",
    "actionUrl": "https://go.microsoft.com/fwlink/?linkid=2185071",
    "implementationStatus": "The setting is not compliant."
  },
  {
    "controlId": "spo_legacy_auth",
    "category": "Apps",
    "scorePct": 0,
    "title": "Ensure modern authentication for SharePoint applications is required",
    "actionUrl": "https://go.microsoft.com/fwlink/?linkid=2185071",
    "implementationStatus": "The setting is not compliant."
  },
  {
    "controlId": "AATP_DefenderForIdentityIsNotInstalled",
    "category": "Identity",
    "scorePct": 0,
    "title": "Start your Defender for Identity deployment, installing Sensors on Domain Controllers and other eligible servers.",
    "actionUrl": "https://security.microsoft.com/settings/identities?tabid=sensor",
    "implementationStatus": ""
  },
  {
    "controlId": "forms_phishing_protection",
    "category": "Apps",
    "scorePct": 100,
    "title": "Ensure internal phishing protection for Forms is enabled",
    "actionUrl": "https://learn.microsoft.com/en-US/microsoft-forms/review-unblock-forms-users-detected-blocked-potential-phishing",
    "implementationStatus": "Internal phishing protection for Forms is: enabled"
  },
  {
    "controlId": "spo_block_onedrive_sync_unmanaged_devices",
    "category": "Apps",
    "scorePct": 0,
    "title": "Block OneDrive for Business sync from unmanaged devices",
    "actionUrl": "https://learn.microsoft.com/en-US/sharepoint/allow-syncing-only-on-specific-domains?WT.mc_id=365AdminCSH_spo",
    "implementationStatus": "Blocking OneDrive for Business sync from unmanaged devices is: disabled"
  },
  {
    "controlId": "spo_external_sharing_managed",
    "category": "Apps",
    "scorePct": 0,
    "title": "Ensure SharePoint external sharing is managed through domain whitelist/blacklists",
    "actionUrl": "https://learn.microsoft.com/en-us/sharepoint/restricted-domains-sharing",
    "implementationStatus": "Document sharing is being controlled by domains setting is disabled"
  },
  {
    "controlId": "spo_external_users_sharing",
    "category": "Apps",
    "scorePct": 0,
    "title": "Ensure that SharePoint guest users cannot share items they don't own",
    "actionUrl": "https://learn.microsoft.com/en-us/microsoft-365/solutions/microsoft-365-guest-settings?view=o365-worldwide#sharepoint-and-onedrive-advanced-sharing-settings",
    "implementationStatus": "Prevent external users from sharing files, folders, and sites that they don\u2019t own is: disabled"
  },
  {
    "controlId": "admincenter_owned_apps_and_services",
    "category": "Apps",
    "scorePct": 0,
    "title": "Ensure 'User owned apps and services' is restricted",
    "actionUrl": "https://learn.microsoft.com/en-us/microsoft-365/admin/manage/manage-addins-in-the-admin-center?view=o365-worldwide",
    "implementationStatus": "'User owned apps and services' is [Not Measured]"
  },
  {
    "controlId": "mip_DLP_policies_Teams",
    "category": "Apps",
    "scorePct": 100,
    "title": "Ensure DLP policies are enabled for Microsoft Teams",
    "actionUrl": "https://learn.microsoft.com/en-us/microsoft-365/compliance/dlp-microsoft-teams?view=o365-worldwide&tid=d9ff2399-92ca-4e0c-87d0-5769459f2755",
    "implementationStatus": "DLP policies in Teams are: true"
  },
  {
    "controlId": "aad_third_party_apps",
    "category": "Apps",
    "scorePct": 0,
    "title": "Ensure third party integrated applications are not allowed",
    "actionUrl": "https://learn.microsoft.com/en-us/microsoft-365/enterprise/integrated-apps-and-azure-ads?view=o365-worldwide",
    "implementationStatus": "Third party applications integration is: false"
  },
  {
    "controlId": "aad_sign_in_freq_session_timeout",
    "category": "Apps",
    "scorePct": 0,
    "title": "Ensure Sign-in frequency is enabled and browser sessions are not persistent for Administrative users",
    "actionUrl": "https://aad.portal.azure.com/#view/Microsoft_AAD_ConditionalAccess/PolicyBlade",
    "implementationStatus": "Setting is: sign in frequency is not yet enabled in the following accounts: \"ATLAS - Risky Sign-in MFA (Report Only)\", \"ATLAS - Risky User Password Change (Report Only)\", \"ATLAS - Admin MFA (Report Only)\" and 5 Additional accounts. To activate this setting, take the following steps."
  },
  {
    "controlId": "aad_phishing_MFA_strength",
    "category": "Apps",
    "scorePct": 0,
    "title": "Ensure 'Phishing-resistant MFA strength' is required for Administrators",
    "actionUrl": "https://learn.microsoft.com/en-us/azure/active-directory/identity-protection/howto-identity-protection-configure-mfa-policy",
    "implementationStatus": "Phishing-resistant MFA strength is mFA strength is not yet enabled in the following accounts: \"ATLAS - Admin Phishing-resistant MFA Strength\". To activate this setting, take the following steps."
  },
  {
    "controlId": "aad_limited_administrative_roles",
    "category": "Apps",
    "scorePct": 0,
    "title": "Ensure 'Microsoft Azure Management' is limited to administrative roles",
    "actionUrl": "https://learn.microsoft.com/en-us/azure/active-directory/conditional-access/concept-conditional-access-cloud-apps",
    "implementationStatus": "'Microsoft Azure Management' is limited to administrative roles - 'Windows Azure Service Management API' is not yet enabled in the following policies: \"ATLAS - Risky Sign-in MFA (Report Only)\", \"ATLAS - Risky User Password Change (Report Only)\", \"ATLAS - Admin MFA (Report Only)\" and 5 Additional policies. To activate this setting, take the following steps."
  },
  {
    "controlId": "aad_admin_consent_workflow",
    "category": "Apps",
    "scorePct": 0,
    "title": "Ensure the admin consent workflow is enabled",
    "actionUrl": "https://aad.portal.azure.com/#view/Microsoft_AAD_IAM/ConsentPoliciesMenuBlade/~/UserSettings",
    "implementationStatus": "Admin consent workflow is: false"
  },
  {
    "controlId": "aad_admin_accounts_separate_unassigned_cloud_only",
    "category": "Apps",
    "scorePct": 0,
    "title": "Ensure Administrative accounts are separate and cloud-only",
    "actionUrl": "https://learn.microsoft.com/en-us/microsoft-365/admin/add-users/add-users?view=o365-worldwide",
    "implementationStatus": "Administrator accounts are separate, unassigned and cloud-only account: false"
  },
  {
    "controlId": "aad_password_protection",
    "category": "Apps",
    "scorePct": 0,
    "title": "Ensure password protection is enabled for on-prem Active Directory",
    "actionUrl": "https://learn.microsoft.com/en-us/azure/active-directory/authentication/howto-password-ban-bad-on-premises-operations",
    "implementationStatus": "Microsoft Entra ID Password Protection is not configured"
  },
  {
    "controlId": "aad_custom_banned_passwords",
    "category": "Apps",
    "scorePct": 0,
    "title": "Ensure custom banned passwords lists are used",
    "actionUrl": "https://learn.microsoft.com/en-us/azure/active-directory/authentication/tutorial-configure-custom-password-protection",
    "implementationStatus": "Custom banned passwords lists are: disabled"
  },
  {
    "controlId": "aad_linkedin_connection_disables",
    "category": "Apps",
    "scorePct": 0,
    "title": "Ensure 'LinkedIn account connections' is disabled",
    "actionUrl": "https://learn.microsoft.com/en-us/azure/active-directory/enterprise-users/linkedin-integration",
    "implementationStatus": "LinkedIn account connections is - Not disabled"
  },
  {
    "controlId": "sway_block_sharing_with_outside_users",
    "category": "Apps",
    "scorePct": 0,
    "title": "Ensure that Sways cannot be shared with people outside of your organization",
    "actionUrl": "https://support.microsoft.com/en-us/office/administrator-settings-for-sway-d298e79b-b6ab-44c6-9239-aa312f5784d4g",
    "implementationStatus": "Sharing SWAY outside the organization is enabled"
  },
  {
    "controlId": "mcas_mda_enabled",
    "category": "Apps",
    "scorePct": 100,
    "title": "Ensure Microsoft Defender for Cloud Apps is enabled and configured",
    "actionUrl": "https://learn.microsoft.com/en-us/defender-cloud-apps/get-started",
    "implementationStatus": "Defender for Cloud Apps is: true"
  },
  {
    "controlId": "exo_SPF_records_for_all_domains",
    "category": "Apps",
    "scorePct": 100,
    "title": "Ensure that SPF records are published for all Exchange Domains",
    "actionUrl": "https://learn.microsoft.com/en-us/microsoft-365/security/office-365-security/set-up-spf-in-office-365-to-help-prevent-spoofing?view=o365-worldwide",
    "implementationStatus": "SPF is: true"
  },
  {
    "controlId": "mdo_atpprotection",
    "category": "Apps",
    "scorePct": 0,
    "title": "Turn on Microsoft Defender for Office 365 in SharePoint, OneDrive, and Microsoft Teams",
    "actionUrl": "https://security.microsoft.com/safeattachmentv2?tid=d9ff2399-92ca-4e0c-87d0-5769459f2755",
    "implementationStatus": ""
  },
  {
    "controlId": "dlp_datalossprevention",
    "category": "Data",
    "scorePct": 100,
    "title": "Ensure DLP policies are enabled",
    "actionUrl": "https://compliance.microsoft.com/datalossprevention?tid=d9ff2399-92ca-4e0c-87d0-5769459f2755",
    "implementationStatus": ""
  },
  {
    "controlId": "exo_individualsharing",
    "category": "Apps",
    "scorePct": 0,
    "title": "Ensure 'External sharing' of calendars is not available",
    "actionUrl": "https://admin.exchange.microsoft.com/#/sharing",
    "implementationStatus": ""
  },
  {
    "controlId": "mdo_safedocuments",
    "category": "Apps",
    "scorePct": 0,
    "title": "Turn on Safe Documents for Office Clients",
    "actionUrl": "https://security.microsoft.com/safeattachmentv2?tid=d9ff2399-92ca-4e0c-87d0-5769459f2755",
    "implementationStatus": ""
  },
  {
    "controlId": "mdo_connectionfilter",
    "category": "Apps",
    "scorePct": 100,
    "title": "Don't add allowed IP addresses in the connection filter policy ",
    "actionUrl": "https://security.microsoft.com/antispam?tid=d9ff2399-92ca-4e0c-87d0-5769459f2755",
    "implementationStatus": "The allowed IP addresses list in the connection filter policy is empty "
  },
  {
    "controlId": "mip_purviewlabelconsent",
    "category": "Data",
    "scorePct": 0,
    "title": "Extend M365 sensitivity labeling to assets in Microsoft Purview data map",
    "actionUrl": "https://compliance.microsoft.com/informationprotection?viewid=sensitivitylabels&tid=d9ff2399-92ca-4e0c-87d0-5769459f2755",
    "implementationStatus": "The setting was not enabled."
  },
  {
    "controlId": "CustomerLockBoxEnabled",
    "category": "Apps",
    "scorePct": 0,
    "title": "Ensure the customer lockbox feature is enabled",
    "actionUrl": "https://go.microsoft.com/fwlink/?linkid=2095515",
    "implementationStatus": "Feature in place: false."
  },
  {
    "controlId": "exo_oauth2clientprofileenabled",
    "category": "Apps",
    "scorePct": 100,
    "title": "Ensure modern authentication for Exchange Online is enabled",
    "actionUrl": "https://learn.microsoft.com/en-us/Exchange/clients-and-mobile-in-exchange-online/enable-or-disable-modern-authentication-in-exchange-online?redirectSourcePath=%252fen-us%252farticle%252fenable-or-disable-modern-authentication-in-exchange-online-58018196-f918-49cd-8238-56f57f38d662",
    "implementationStatus": "Modern authentication for Exchange Online is enabled"
  },
  {
    "controlId": "exo_mailtipsenabled",
    "category": "Apps",
    "scorePct": 0,
    "title": "Ensure MailTips are enabled for end users",
    "actionUrl": "https://learn.microsoft.com/en-us/exchange/clients-and-mobile-in-exchange-online/mailtips/mailtips",
    "implementationStatus": "MailTips for end users are disabled."
  },
  {
    "controlId": "exo_transportrulesallowlistdomains",
    "category": "Apps",
    "scorePct": 100,
    "title": "Ensure Spam confidence level (SCL) is configured in mail transport rules with specific domains",
    "actionUrl": "https://admin.exchange.microsoft.com/#/transportrules",
    "implementationStatus": "Spam confidence level (SCL) is not configured in mail transport rules with specific domain"
  },
  {
    "controlId": "mip_search_auditlog",
    "category": "Apps",
    "scorePct": 0,
    "title": "Ensure Microsoft 365 audit log search is Enabled",
    "actionUrl": "https://learn.microsoft.com/en-us/microsoft-365/compliance/audit-log-enable-disable?view=o365-worldwide&tid=d9ff2399-92ca-4e0c-87d0-5769459f2755",
    "implementationStatus": "Microsoft 365 audit log search is enabled disabled"
  },
  {
    "controlId": "exo_mailboxaudit",
    "category": "Apps",
    "scorePct": 0,
    "title": "Ensure mailbox auditing for all users is Enabled",
    "actionUrl": "https://learn.microsoft.com/en-us/microsoft-365/compliance/audit-mailboxes?view=o365-worldwide",
    "implementationStatus": "Mailbox auditing for all users is disabled"
  },
  {
    "controlId": "exo_storageproviderrestricted",
    "category": "Apps",
    "scorePct": 0,
    "title": "Ensure additional storage providers are restricted in Outlook on the web",
    "actionUrl": "https://support.microsoft.com/en-us/topic/3rd-party-cloud-storage-services-supported-by-office-apps-fce12782-eccc-4cf5-8f4b-d1ebec513f72",
    "implementationStatus": "Additional storage providers are restricted in Outlook on the web is not configured correctly. Please follow next steps to correctly configure the control."
  },
  {
    "controlId": "exo_outlookaddins",
    "category": "Apps",
    "scorePct": 0,
    "title": "Ensure users installing Outlook add-ins is not allowed",
    "actionUrl": "https://support.microsoft.com/en-us/topic/3rd-party-cloud-storage-services-supported-by-office-apps-fce12782-eccc-4cf5-8f4b-d1ebec513f72",
    "implementationStatus": "Installing Outlook add-ins configuration is disabled"
  },
  {
    "controlId": "mdo_zapspam",
    "category": "Apps",
    "scorePct": 100,
    "title": "Create zero-hour auto purge policies for spam messages",
    "actionUrl": "https://security.microsoft.com/antispam?tid=d9ff2399-92ca-4e0c-87d0-5769459f2755",
    "implementationStatus": "<p> 100% of users are affected by policies that are configured securely&nbsp;</p><ul><li>Default - 19 users (100%)&nbsp;</li></ul>"
  },
  {
    "controlId": "mdo_zapphish",
    "category": "Apps",
    "scorePct": 100,
    "title": "Create zero-hour auto purge policies for phishing messages",
    "actionUrl": "https://security.microsoft.com/antispam?tid=d9ff2399-92ca-4e0c-87d0-5769459f2755",
    "implementationStatus": "<p> 100% of users are affected by policies that are configured securely&nbsp;</p><ul><li>Default - 19 users (100%)&nbsp;</li></ul>"
  },
  {
    "controlId": "mdo_zapmalware",
    "category": "Apps",
    "scorePct": 100,
    "title": "Create zero-hour auto purge policies for malware",
    "actionUrl": "https://security.microsoft.com/antimalwarev2?tid=d9ff2399-92ca-4e0c-87d0-5769459f2755",
    "implementationStatus": "<p> 100% of users are affected by policies that are configured securely&nbsp;</p><ul><li>Default - 19 users (100%)&nbsp;</li></ul>"
  },
  {
    "controlId": "mdo_safeattachments",
    "category": "Apps",
    "scorePct": 100,
    "title": "Turn on Safe Attachments in block mode",
    "actionUrl": "https://security.microsoft.com/safeattachmentv2?tid=d9ff2399-92ca-4e0c-87d0-5769459f2755",
    "implementationStatus": "<p> 100% of users are affected by policies that are configured securely&nbsp;</p><ul><li>Built-In Protection Policy - 19 users (100%)&nbsp;</li></ul>"
  },
  {
    "controlId": "mdo_safelinksforemail",
    "category": "Apps",
    "scorePct": 100,
    "title": "Create Safe Links policies for email messages",
    "actionUrl": "https://security.microsoft.com/safelinksv2?tid=d9ff2399-92ca-4e0c-87d0-5769459f2755",
    "implementationStatus": "<p> 100% of users are affected by policies that are configured securely&nbsp;</p><ul><li>Built-In Protection Policy - 19 users (100%)&nbsp;</li></ul>"
  },
  {
    "controlId": "mdo_commonattachmentsfilter",
    "category": "Apps",
    "scorePct": 100,
    "title": "Ensure the Common Attachment Types Filter is enabled",
    "actionUrl": "https://security.microsoft.com/antimalwarev2?tid=d9ff2399-92ca-4e0c-87d0-5769459f2755",
    "implementationStatus": "<p> 100% of users are affected by policies that are configured securely&nbsp;</p><ul><li>Default - 19 users (100%)&nbsp;</li></ul>"
  },
  {
    "controlId": "mip_sensitivitylabelspolicies",
    "category": "Data",
    "scorePct": 100,
    "title": "Publish M365 sensitivity label data classification policies",
    "actionUrl": "https://compliance.microsoft.com/informationprotection?viewid=sensitivitylabelpolicies&tid=d9ff2399-92ca-4e0c-87d0-5769459f2755",
    "implementationStatus": "Policies were published on 19 of the 19 users"
  },
  {
    "controlId": "mip_autosensitivitylabelspolicies",
    "category": "Data",
    "scorePct": 0,
    "title": "Ensure that Auto-labeling data classification policies are set up and used",
    "actionUrl": "https://compliance.microsoft.com/informationprotection?viewid=autolabeling&tid=d9ff2399-92ca-4e0c-87d0-5769459f2755",
    "implementationStatus": "Policies were published on 0 of the 19 users"
  },
  {
    "controlId": "mdo_highconfidencespamaction",
    "category": "Apps",
    "scorePct": 0,
    "title": "Set action to take on high confidence spam detection",
    "actionUrl": "https://security.microsoft.com/antispam?tid=d9ff2399-92ca-4e0c-87d0-5769459f2755",
    "implementationStatus": "<p> 100% of users are affected by policies that are configured less securely than is recommended&nbsp;</p><ul><li>Default - 19 users (100%)&nbsp;</li></ul>"
  },
  {
    "controlId": "mdo_phisspamacation",
    "category": "Apps",
    "scorePct": 0,
    "title": "Set action to take on phishing detection",
    "actionUrl": "https://security.microsoft.com/antispam?tid=d9ff2399-92ca-4e0c-87d0-5769459f2755",
    "implementationStatus": "<p> 100% of users are affected by policies that are configured less securely than is recommended&nbsp;</p><ul><li>Default - 19 users (100%)&nbsp;</li></ul>"
  },
  {
    "controlId": "mdo_highconfidencephishaction",
    "category": "Apps",
    "scorePct": 100,
    "title": "Set action to take on high confidence phishing detection",
    "actionUrl": "https://security.microsoft.com/antispam?tid=d9ff2399-92ca-4e0c-87d0-5769459f2755",
    "implementationStatus": "<p> 100% of users are affected by policies that are configured securely&nbsp;</p><ul><li>Default - 19 users (100%)&nbsp;</li></ul>"
  },
  {
    "controlId": "mdo_bulkspamaction",
    "category": "Apps",
    "scorePct": 100,
    "title": "Set action to take on bulk spam detection",
    "actionUrl": "https://security.microsoft.com/antispam?tid=d9ff2399-92ca-4e0c-87d0-5769459f2755",
    "implementationStatus": "<p> 100% of users are affected by policies that are configured securely&nbsp;</p><ul><li>Default - 19 users (100%)&nbsp;</li></ul>"
  },
  {
    "controlId": "mdo_quarantineretentionperiod",
    "category": "Apps",
    "scorePct": 0,
    "title": "Retain spam in quarantine for 30 days",
    "actionUrl": "https://security.microsoft.com/antispam?tid=d9ff2399-92ca-4e0c-87d0-5769459f2755",
    "implementationStatus": "<p> 100% of users are affected by policies that are configured less securely than is recommended&nbsp;</p><ul><li>Default - 19 users (100%)&nbsp;</li></ul>"
  },
  {
    "controlId": "mdo_allowedsenderscombined",
    "category": "Apps",
    "scorePct": 100,
    "title": "Ensure that no sender domains are allowed for anti-spam policies",
    "actionUrl": "https://security.microsoft.com/antispam?tid=d9ff2399-92ca-4e0c-87d0-5769459f2755",
    "implementationStatus": "<p> 100% of users are affected by policies that are configured securely&nbsp;</p><ul><li>Default - 19 users (100%)&nbsp;</li></ul>"
  },
  {
    "controlId": "mdo_bulkthreshold",
    "category": "Apps",
    "scorePct": 0,
    "title": "Set the email bulk complaint level (BCL) threshold to be 6 or lower",
    "actionUrl": "https://security.microsoft.com/antispam?tid=d9ff2399-92ca-4e0c-87d0-5769459f2755",
    "implementationStatus": "<p> 100% of users are affected by policies that are configured less securely than is recommended&nbsp;</p><ul><li>Default - 19 users (100%)&nbsp;</li></ul>"
  },
  {
    "controlId": "mdo_spamaction",
    "category": "Apps",
    "scorePct": 100,
    "title": "Set action to take on spam detection",
    "actionUrl": "https://security.microsoft.com/antispam?tid=d9ff2399-92ca-4e0c-87d0-5769459f2755",
    "implementationStatus": "<p> 100% of users are affected by policies that are configured securely&nbsp;</p><ul><li>Default - 19 users (100%)&nbsp;</li></ul>"
  },
  {
    "controlId": "mdo_autoforwardingmode",
    "category": "Apps",
    "scorePct": 100,
    "title": "Set automatic email forwarding rules to be system controlled",
    "actionUrl": "https://security.microsoft.com/antispam?tid=d9ff2399-92ca-4e0c-87d0-5769459f2755",
    "implementationStatus": "<p> 100% of users are affected by policies that are configured securely&nbsp;</p><ul><li>Default - 19 users (100%)&nbsp;</li></ul>"
  },
  {
    "controlId": "mdo_recipientexternallimitperhour",
    "category": "Apps",
    "scorePct": 100,
    "title": "Set maximum number of external recipients that a user can email per hour",
    "actionUrl": "https://security.microsoft.com/antispam?tid=d9ff2399-92ca-4e0c-87d0-5769459f2755",
    "implementationStatus": "<p> 100% of users are affected by policies that are configured securely&nbsp;</p><ul><li>Default - 19 users (100%)&nbsp;</li></ul>"
  },
  {
    "controlId": "mdo_recipientinternallimitperhour",
    "category": "Apps",
    "scorePct": 100,
    "title": "Set maximum number of internal recipients that a user can send to within an hour",
    "actionUrl": "https://security.microsoft.com/antispam?tid=d9ff2399-92ca-4e0c-87d0-5769459f2755",
    "implementationStatus": "<p> 100% of users are affected by policies that are configured securely&nbsp;</p><ul><li>Default - 19 users (100%)&nbsp;</li></ul>"
  },
  {
    "controlId": "mdo_recipientlimitperday",
    "category": "Apps",
    "scorePct": 100,
    "title": "Set a daily message limit",
    "actionUrl": "https://security.microsoft.com/antispam?tid=d9ff2399-92ca-4e0c-87d0-5769459f2755",
    "implementationStatus": "<p> 100% of users are affected by policies that are configured securely&nbsp;</p><ul><li>Default - 19 users (100%)&nbsp;</li></ul>"
  },
  {
    "controlId": "mdo_thresholdreachedaction",
    "category": "Apps",
    "scorePct": 0,
    "title": "Block users who reached the message limit",
    "actionUrl": "https://security.microsoft.com/antispam?tid=d9ff2399-92ca-4e0c-87d0-5769459f2755",
    "implementationStatus": "<p> 100% of users are affected by policies that are configured less securely than is recommended&nbsp;</p><ul><li>Default - 19 users (100%)&nbsp;</li></ul>"
  },
  {
    "controlId": "mdo_enablemailboxintelligence",
    "category": "Apps",
    "scorePct": 100,
    "title": "Ensure that mailbox intelligence is enabled",
    "actionUrl": "https://security.microsoft.com/antiphishing?tid=d9ff2399-92ca-4e0c-87d0-5769459f2755",
    "implementationStatus": "<p> 100% of users are affected by policies that are configured securely&nbsp;</p><ul><li>Office365 AntiPhish Default - 19 users (100%)&nbsp;</li></ul>"
  },
  {
    "controlId": "mdo_mailboxintelligenceprotection",
    "category": "Apps",
    "scorePct": 0,
    "title": "Ensure that intelligence for impersonation protection is enabled",
    "actionUrl": "https://security.microsoft.com/antiphishing?tid=d9ff2399-92ca-4e0c-87d0-5769459f2755",
    "implementationStatus": "<p> 100% of users are affected by policies that are configured less securely than is recommended&nbsp;</p><ul><li>Office365 AntiPhish Default - 19 users (100%)&nbsp;</li></ul>"
  },
  {
    "controlId": "mdo_mailboxintelligenceprotectionaction",
    "category": "Apps",
    "scorePct": 0,
    "title": "Move messages that are detected as impersonated users by mailbox intelligence",
    "actionUrl": "https://security.microsoft.com/antiphishing?tid=d9ff2399-92ca-4e0c-87d0-5769459f2755",
    "implementationStatus": "<p> 100% of users are affected by policies that are configured less securely than is recommended&nbsp;</p><ul><li>Office365 AntiPhish Default - 19 users (100%)&nbsp;</li></ul>"
  },
  {
    "controlId": "mdo_enabledomainstoprotect",
    "category": "Apps",
    "scorePct": 0,
    "title": "Enable impersonated domain protection",
    "actionUrl": "https://security.microsoft.com/antiphishing?tid=d9ff2399-92ca-4e0c-87d0-5769459f2755",
    "implementationStatus": "<p> 100% of users are affected by policies that are configured less securely than is recommended&nbsp;</p><ul><li>Office365 AntiPhish Default - 19 users (100%)&nbsp;</li></ul>"
  },
  {
    "controlId": "mdo_phishthresholdlevel",
    "category": "Apps",
    "scorePct": 0,
    "title": "Set the phishing email level threshold at 2 or higher",
    "actionUrl": "https://security.microsoft.com/antiphishing?tid=d9ff2399-92ca-4e0c-87d0-5769459f2755",
    "implementationStatus": "<p> 100% of users are affected by policies that are configured less securely than is recommended&nbsp;</p><ul><li>Office365 AntiPhish Default - 19 users (100%)&nbsp;</li></ul>"
  },
  {
    "controlId": "mdo_similardomainssafetytips",
    "category": "Apps",
    "scorePct": 0,
    "title": "Enable the domain impersonation safety tip",
    "actionUrl": "https://security.microsoft.com/antiphishing?tid=d9ff2399-92ca-4e0c-87d0-5769459f2755",
    "implementationStatus": "<p> 100% of users are affected by policies that are configured less securely than is recommended&nbsp;</p><ul><li>Office365 AntiPhish Default - 19 users (100%)&nbsp;</li></ul>"
  },
  {
    "controlId": "mdo_similaruserssafetytips",
    "category": "Apps",
    "scorePct": 0,
    "title": "Enable the user impersonation safety tip",
    "actionUrl": "https://security.microsoft.com/antiphishing?tid=d9ff2399-92ca-4e0c-87d0-5769459f2755",
    "implementationStatus": "<p> 100% of users are affected by policies that are configured less securely than is recommended&nbsp;</p><ul><li>Office365 AntiPhish Default - 19 users (100%)&nbsp;</li></ul>"
  },
  {
    "controlId": "mdo_targeteddomainprotectionaction",
    "category": "Apps",
    "scorePct": 0,
    "title": "Quarantine messages that are detected from impersonated domains",
    "actionUrl": "https://security.microsoft.com/antiphishing?tid=d9ff2399-92ca-4e0c-87d0-5769459f2755",
    "implementationStatus": "<p> 100% of users are affected by policies that are configured less securely than is recommended&nbsp;</p><ul><li>Office365 AntiPhish Default - 19 users (100%)&nbsp;</li></ul>"
  },
  {
    "controlId": "mdo_targeteduserprotectionaction",
    "category": "Apps",
    "scorePct": 0,
    "title": "Quarantine messages that are detected from impersonated users",
    "actionUrl": "https://security.microsoft.com/antiphishing?tid=d9ff2399-92ca-4e0c-87d0-5769459f2755",
    "implementationStatus": "<p> 100% of users are affected by policies that are configured less securely than is recommended&nbsp;</p><ul><li>Office365 AntiPhish Default - 19 users (100%)&nbsp;</li></ul>"
  },
  {
    "controlId": "mdo_targetedusersprotection",
    "category": "Apps",
    "scorePct": 0,
    "title": "Enable impersonated user protection",
    "actionUrl": "https://security.microsoft.com/antiphishing?tid=d9ff2399-92ca-4e0c-87d0-5769459f2755",
    "implementationStatus": "<p> 100% of users are affected by policies that are configured less securely than is recommended&nbsp;</p><ul><li>Office365 AntiPhish Default - 19 users (100%)&nbsp;</li></ul>"
  },
  {
    "controlId": "mdo_unusualcharacterssafetytips",
    "category": "Apps",
    "scorePct": 0,
    "title": "Enable the user impersonation unusual characters safety tip\u202f",
    "actionUrl": "https://security.microsoft.com/antiphishing?tid=d9ff2399-92ca-4e0c-87d0-5769459f2755",
    "implementationStatus": "<p> 100% of users are affected by policies that are configured less securely than is recommended&nbsp;</p><ul><li>Office365 AntiPhish Default - 19 users (100%)&nbsp;</li></ul>"
  },
  {
    "controlId": "mdo_spam_notifications_only_for_admins",
    "category": "Apps",
    "scorePct": 0,
    "title": "Ensure Exchange Online Spam Policies are set to notify administrators",
    "actionUrl": "https://learn.microsoft.com/en-us/microsoft-365/security/office-365-security/anti-spam-policies-configure?view=o365-worldwide&tid=d9ff2399-92ca-4e0c-87d0-5769459f2755",
    "implementationStatus": "<p> 100% of users are affected by policies that are configured less securely than is recommended&nbsp;</p><ul><li>Default - 19 users (100%)&nbsp;</li></ul>"
  },
  {
    "controlId": "mdo_safeattachmentpolicy",
    "category": "Apps",
    "scorePct": 100,
    "title": "Ensure Safe Attachments policy is enabled",
    "actionUrl": "https://learn.microsoft.com/en-us/microsoft-365/security/office-365-security/safe-attachments-policies-configure?view=o365-worldwide&tid=d9ff2399-92ca-4e0c-87d0-5769459f2755",
    "implementationStatus": "<p> 100% of users are affected by policies that are configured securely&nbsp;</p><ul><li>Built-In Protection Policy - 19 users (100%)&nbsp;</li></ul>"
  },
  {
    "controlId": "mdo_safelinksforOfficeApps",
    "category": "Apps",
    "scorePct": 0,
    "title": "Ensure Safe Links for Office Applications is Enabled",
    "actionUrl": "https://learn.microsoft.com/en-us/microsoft-365/security/office-365-security/safe-links-policies-configure?view=o365-worldwide&tid=d9ff2399-92ca-4e0c-87d0-5769459f2755",
    "implementationStatus": "<p> 100% of users are affected by policies that are configured less securely than is recommended&nbsp;</p><ul><li>Built-In Protection Policy - 19 users (100%)&nbsp;</li></ul>"
  },
  {
    "controlId": "mdo_antiphishingpolicies",
    "category": "Apps",
    "scorePct": 0,
    "title": "Ensure that an anti-phishing policy has been created",
    "actionUrl": "https://learn.microsoft.com/en-us/microsoft-365/security/office-365-security/anti-phishing-policies-about?view=o365-worldwide&tid=d9ff2399-92ca-4e0c-87d0-5769459f2755",
    "implementationStatus": "<p> 100% of users are affected by policies that are configured less securely than is recommended&nbsp;</p><ul><li>Office365 AntiPhish Default - 19 users (100%)&nbsp;</li></ul>"
  },
  {
    "controlId": "mdo_blockmailforward",
    "category": "Apps",
    "scorePct": 0,
    "title": "Ensure all forms of mail forwarding are blocked and/or disabled",
    "actionUrl": "https://learn.microsoft.com/en-us/exchange/policy-and-compliance/mail-flow-rules/mail-flow-rule-procedures?view=exchserver-2019&tid=d9ff2399-92ca-4e0c-87d0-5769459f2755",
    "implementationStatus": "<p> 100% of users are affected by policies that are configured less securely than is recommended&nbsp;</p><ul><li>Default - 19 users (100%)&nbsp;</li></ul>"
  }
]