{
  "tenant": "example",
  "controlId": "SharePointGuestUsersCannotReshare",
  "action": "detect_only",
  "state": "DRIFTED",
  "displayName": "SharePoint: Guest users cannot share items they don't own (Secure Score)",
  "mode": "detect-only",
  "status": 200,
  "scorePct": 0.0,
  "missingSecureScoreControlIds": null,
  "secureScoreControlId": "spo_external_users_sharing",
  "title": "Ensure that SharePoint guest users cannot share items they don't own",
  "implementationStatus": "Prevent external users from sharing files, folders, and sites that they don\u2019t own is: disabled",
  "actionUrl": "https://learn.microsoft.com/en-us/microsoft-365/solutions/microsoft-365-guest-settings?view=o365-worldwide#sharepoint-and-onedrive-advanced-sharing-settings",
  "details": {
    "SharingDomainRestrictionMode": 0,
    "SharingAllowedDomainList": null,
    "SharingBlockedDomainList": null
  },
  "fallbackDetector": null,
  "reason": "detect-only registry control (no enforcement implemented)",
  "reasonCode": "CUSTOM_DETECTOR_EVALUATED",
  "reasonDetail": "Evaluated via Teams meeting policies (Get-CsTeamsMeetingPolicy)."
}