{
  "tenant": "example",
  "controlId": "CustomBannedPasswords",
  "action": "detect_only",
  "state": "DRIFTED",
  "displayName": "Entra ID: Custom banned passwords list used (Secure Score)",
  "mode": "detect-only",
  "status": 200,
  "scorePct": 0.0,
  "missingSecureScoreControlIds": null,
  "secureScoreControlId": "aad_custom_banned_passwords",
  "title": "Ensure custom banned passwords lists are used",
  "implementationStatus": "Custom banned passwords lists are: disabled",
  "actionUrl": "https://learn.microsoft.com/en-us/azure/active-directory/authentication/tutorial-configure-custom-password-protection",
  "details": {
    "permissionGrantPoliciesAssigned": [
      "ManagePermissionGrantsForSelf.microsoft-user-default-recommended",
      "ManagePermissionGrantsForSelf.microsoft-user-default-allow-consent-apps",
      "ManagePermissionGrantsForOwnedResource.microsoft-dynamically-managed-permissions-for-team",
      "ManagePermissionGrantsForOwnedResource.microsoft-dynamically-managed-permissions-for-chat"
    ],
    "note": "Permission grant policies are assigned to the default user role (user consent is restricted)."
  },
  "fallbackDetector": null,
  "reason": "detect-only registry control (no enforcement implemented)",
  "reasonCode": "CUSTOM_DETECTOR_EVALUATED",
  "reasonDetail": "Evaluated via Teams meeting policies (Get-CsTeamsMeetingPolicy)."
}