{
  "controlId": "MDOTargetedDomainProtectionAction",
  "name": "Defender for Office 365: Targeted domain impersonation action quarantines (Secure Score)",
  "category": "Email",
  "tier": 2,
  "mode": "detect-only",
  "state": "DRIFTED",
  "reasonCode": "CUSTOM_DETECTOR_EVALUATED",
  "reasonDetail": "Evaluated via Exchange Online (AntiPhishPolicy.TargetedDomainProtectionAction)",
  "details": {
    "policiesCount": 1,
    "policies": [
      {
        "TargetedDomainProtectionAction": "NoAction",
        "EnableTargetedUserProtection": false,
        "TargetedUserProtectionAction": "NoAction",
        "EnableTargetedDomainsProtection": false,
        "identity": "Office365 AntiPhish Default"
      }
    ],
    "cmdletsUsed": [
      "Get-AntiPhishPolicy"
    ],
    "errors": {}
  }
}