{
  "controlId": "MDOBulkComplaintLevelThreshold",
  "name": "Defender for Office 365: Set BCL threshold to 6 or lower (Secure Score)",
  "category": "Apps",
  "tier": 1,
  "mode": "detect-only",
  "state": "DRIFTED",
  "reasonCode": "CUSTOM_DETECTOR_EVALUATED",
  "reasonDetail": "Evaluated via Exchange Online (Get-HostedContentFilterPolicy bulk thresholds; compliant when <= 6)",
  "details": {
    "policiesCount": 1,
    "policies": [
      {
        "BulkComplaintLevelThreshold": null,
        "BulkThreshold": 7,
        "BulkSpamAction": "MoveToJmf",
        "ThresholdReachedAction": null,
        "identity": "Default"
      }
    ],
    "cmdletsUsed": [
      "Get-HostedContentFilterPolicy"
    ],
    "errors": {}
  }
}