{
  "tenant": "example",
  "controlId": "SharePointDefaultLinkTypeRestricted",
  "action": "detect_only",
  "state": "NOT_EVALUATED",
  "displayName": "SharePoint: Default link type restricted (Secure Score)",
  "mode": "report-only",
  "status": 200,
  "scorePct": null,
  "missingSecureScoreControlIds": [
    "spo_default_link_type"
  ],
  "secureScoreControlId": "SharePointDefaultLinkTypeRestricted",
  "title": "SharePoint: Default link type restricted (Secure Score)",
  "implementationStatus": "",
  "actionUrl": "",
  "details": {
    "policyIdentity": "Global",
    "setting": "AllowExternalParticipantGiveRequestControl",
    "expected": false,
    "actual": false
  },
  "fallbackDetector": null,
  "reason": "detect-only registry control (no enforcement implemented)",
  "reasonCode": "CUSTOM_DETECTOR_EVALUATED",
  "reasonDetail": "Evaluated via Teams meeting policies (Get-CsTeamsMeetingPolicy)."
}