{
  "tenant": "example",
  "controlId": "PasswordProtectionOnPremGap",
  "action": "detect_only",
  "state": "DRIFTED",
  "displayName": "Entra ID: Password protection enabled for on-prem AD (Secure Score gap only)",
  "mode": "detect-only",
  "status": 200,
  "scorePct": 0.0,
  "missingSecureScoreControlIds": null,
  "secureScoreControlId": "aad_password_protection",
  "title": "Ensure password protection is enabled for on-prem Active Directory",
  "implementationStatus": "Microsoft Entra ID Password Protection is not configured",
  "actionUrl": "https://learn.microsoft.com/en-us/azure/active-directory/authentication/howto-password-ban-bad-on-premises-operations",
  "details": {
    "servicePrincipal": {
      "id": "9526a235-534f-4e7e-a5e3-ecf92d15e27d",
      "displayName": "Azure Resource Manager",
      "appId": "797f4846-ba00-4fd7-ba43-dac1f8f63013",
      "appRoleAssignmentRequired": false
    }
  },
  "fallbackDetector": null,
  "reason": "detect-only registry control (no enforcement implemented)",
  "reasonCode": "CUSTOM_DETECTOR_EVALUATED",
  "reasonDetail": "Evaluated via Teams meeting policies (Get-CsTeamsMeetingPolicy)."
}