{
  "tenant": "example",
  "controlId": "PurviewLabelConsentDataMap",
  "action": "detect_only",
  "state": "DRIFTED",
  "displayName": "Purview: Sensitivity labeling extended to Purview data map assets (Secure Score)",
  "mode": "detect-only",
  "status": 200,
  "scorePct": 0.0,
  "missingSecureScoreControlIds": null,
  "secureScoreControlId": "mip_purviewlabelconsent",
  "title": "Extend M365 sensitivity labeling to assets in Microsoft Purview data map",
  "implementationStatus": "The setting was not enabled.",
  "actionUrl": "https://compliance.microsoft.com/informationprotection?viewid=sensitivitylabels&tid=d9ff2399-92ca-4e0c-87d0-5769459f2755",
  "details": {
    "policyCount": 1,
    "enabledPolicyCount": 1,
    "enabledPolicies": [
      "Default Sharing Policy"
    ],
    "missingDomainsPropertyCount": 0,
    "missingDomainsPropertyPolicies": [],
    "cmdletsUsed": [
      "Get-SharingPolicy"
    ],
    "errors": {}
  },
  "fallbackDetector": null,
  "reason": "detect-only registry control (no enforcement implemented)",
  "reasonCode": "CUSTOM_DETECTOR_EVALUATED",
  "reasonDetail": "Evaluated via Teams meeting policies (Get-CsTeamsMeetingPolicy)."
}