{
  "tenant": "example",
  "controlId": "SwayBlockExternalSharing",
  "action": "detect_only",
  "state": "DRIFTED",
  "displayName": "Sway: Prevent sharing with people outside the organization (Secure Score)",
  "mode": "detect-only",
  "status": 200,
  "scorePct": 0.0,
  "missingSecureScoreControlIds": null,
  "secureScoreControlId": "sway_block_sharing_with_outside_users",
  "title": "Ensure that Sways cannot be shared with people outside of your organization",
  "implementationStatus": "Sharing SWAY outside the organization is enabled",
  "actionUrl": "https://support.microsoft.com/en-us/office/administrator-settings-for-sway-d298e79b-b6ab-44c6-9239-aa312f5784d4g",
  "details": {
    "permissionGrantPoliciesAssigned": [
      "ManagePermissionGrantsForSelf.microsoft-user-default-recommended",
      "ManagePermissionGrantsForSelf.microsoft-user-default-allow-consent-apps",
      "ManagePermissionGrantsForOwnedResource.microsoft-dynamically-managed-permissions-for-team",
      "ManagePermissionGrantsForOwnedResource.microsoft-dynamically-managed-permissions-for-chat"
    ],
    "note": "Permission grant policies are assigned to the default user role (user consent is restricted)."
  },
  "fallbackDetector": null,
  "reason": "detect-only registry control (no enforcement implemented)",
  "reasonCode": "CUSTOM_DETECTOR_EVALUATED",
  "reasonDetail": "Evaluated via Teams meeting policies (Get-CsTeamsMeetingPolicy)."
}