{
  "tenant": "example",
  "controlId": "CAAdminPhishingResistantMFA",
  "action": "ensure_updated",
  "displayName": "ATLAS - Admin Phishing-resistant MFA Strength",
  "approved": false,
  "mode": "detect-only",
  "status": 204,
  "state": "COMPLIANT",
  "policyId": "3f299809-aed8-48b0-9a18-61d59373d80f",
  "details": {
    "result": {
      "result": "updated",
      "status": 204,
      "policyId": "3f299809-aed8-48b0-9a18-61d59373d80f",
      "body": null
    },
    "payload": {
      "displayName": "ATLAS - Admin Phishing-resistant MFA Strength",
      "state": "enabledForReportingButNotEnforced",
      "conditions": {
        "users": {
          "includeUsers": [
            "All"
          ],
          "excludeUsers": [],
          "excludeGroups": [
            "b71bc79f-f89b-45ad-b11f-a839cf2e9829"
          ]
        },
        "applications": {
          "includeApplications": [
            "All"
          ]
        },
        "clientAppTypes": [
          "all"
        ]
      },
      "grantControls": {
        "operator": "AND",
        "authenticationStrength": {
          "id": "00000000-0000-0000-0000-000000000004"
        }
      }
    },
    "caDebug": {
      "seenCount": 8,
      "sampleNames": [
        "ATLAS - Risky Sign-in MFA (Report Only)",
        "ATLAS - Risky User Password Change (Report Only)",
        "ATLAS - Admin MFA (Report Only)",
        "ATLAS - Block Legacy Auth (Admins)"
      ],
      "matchedBy": "prefix"
    }
  }
}