{
  "tenant": "example",
  "controlId": "DisableUserConsentToApps",
  "action": "detect_only",
  "state": "COMPLIANT",
  "displayName": "Disable user consent to apps",
  "mode": "detect-only",
  "status": 200,
  "details": {
    "permissionGrantPoliciesAssigned": [
      "ManagePermissionGrantsForSelf.microsoft-user-default-recommended",
      "ManagePermissionGrantsForSelf.microsoft-user-default-allow-consent-apps",
      "ManagePermissionGrantsForOwnedResource.microsoft-dynamically-managed-permissions-for-team",
      "ManagePermissionGrantsForOwnedResource.microsoft-dynamically-managed-permissions-for-chat"
    ],
    "note": "Permission grant policies are assigned to the default user role (user consent is restricted)."
  },
  "reason": "standalone detect-only detector (Entra authorizationPolicy)"
}