{
  "tenant": "example",
  "controlId": "CAAdminPhishingResistantMFA",
  "action": "detect",
  "state": "COMPLIANT",
  "displayName": "ATLAS - Admin Phishing-resistant MFA Strength",
  "approved": false,
  "mode": "detect-only",
  "status": 200,
  "details": {
    "reasonCode": "CUSTOM_DETECTOR_EVALUATED",
    "securityDefaultsEnabled": false,
    "policy": {
      "found": true,
      "enabled": true,
      "policyId": "371d1d61-5d46-487f-8a32-c167e8b3b27a",
      "displayName": "ATLAS - Block Legacy Auth (Admins)",
      "state": "enabled",
      "clientAppTypes": [
        "exchangeActiveSync",
        "other"
      ],
      "builtInControls": [
        "block"
      ]
    }
  },
  "reason": "Conditional Access legacy auth block policy evaluated"
}