{
  "tenant": "example",
  "controlId": "MDOPresetSecurityPolicies",
  "action": "ensure_not_evaluated",
  "state": "NOT_EVALUATED",
  "displayName": "Defender for Office 365: Preset security policies (Standard/Strict) enabled",
  "approved": true,
  "mode": "enforce",
  "status": 500,
  "details": {
    "mode": "enforce",
    "level": "standard",
    "keyword": "standard",
    "error": "No matching preset security policy rule found",
    "availableRules": {}
  },
  "reason": "EXO PowerShell enforcement: preset security policies"
}