{
  "controlId": "EXOSPFRecordsAllDomains",
  "name": "Exchange Online: SPF records published for all domains",
  "category": "Email",
  "tier": 1,
  "mode": "report-only",
  "state": "COMPLIANT",
  "reasonCode": "CUSTOM_DETECTOR_EVALUATED",
  "reasonDetail": "Evaluated via Exchange Online (Get-AcceptedDomain) + DNS TXT lookup for v=spf1",
  "details": {
    "domainCount": 1,
    "missingSpfCount": 0,
    "missingSpfDomains": [],
    "checkedSamples": [
      {
        "txtCount": 1,
        "domain": "6twcdy.onmicrosoft.com",
        "hasSpf": true
      }
    ],
    "cmdletsUsed": [
      "Get-AcceptedDomain"
    ],
    "errors": {}
  }
}