{
  "tenant": "example",
  "controlId": "SharePointDomainRestrictionConfigured",
  "action": "ensure_not_evaluated",
  "state": "NOT_EVALUATED",
  "displayName": "SharePoint: Domain restriction mode configured (allow/block list)",
  "approved": false,
  "mode": "detect-only",
  "status": 500,
  "details": {
    "before": 0,
    "before_normalized": "0",
    "mode": "detect-only",
    "requested": {
      "sharingDomainRestrictionMode": null,
      "sharingAllowedDomainList": null,
      "sharingBlockedDomainList": null
    }
  },
  "reasonCode": "UNSUPPORTED_MODE",
  "reasonDetail": "Unsupported mode: detect-only",
  "reason": "Unsupported mode: detect-only"
}