{
  "tenant": "example",
  "controlId": "TeamsAutoAdmitInvitedOnly",
  "action": "detect_only",
  "state": "DRIFTED",
  "displayName": "Teams: Only invited users should be automatically admitted (Secure Score)",
  "mode": "detect-only",
  "status": 200,
  "scorePct": 0.0,
  "missingSecureScoreControlIds": null,
  "secureScoreControlId": "meeting_autoadmitusers_v1",
  "title": "Only invited users should be automatically admitted to Teams meetings",
  "implementationStatus": "",
  "actionUrl": "https://admin.teams.microsoft.com/policies/meetings",
  "details": {
    "policyIdentity": "Global",
    "setting": "AutoAdmittedUsers",
    "expected": "InvitedUsers",
    "actual": "EveryoneInCompany"
  },
  "fallbackDetector": null,
  "reason": "detect-only registry control (no enforcement implemented)",
  "reasonCode": "CUSTOM_DETECTOR_EVALUATED",
  "reasonDetail": "Evaluated via Teams meeting policies (Get-CsTeamsMeetingPolicy)."
}