{
  "tenant": "example",
  "controlId": "CustomerLockboxEnabled",
  "action": "detect_only",
  "state": "DRIFTED",
  "displayName": "Microsoft 365: Customer Lockbox enabled (Secure Score)",
  "mode": "detect-only",
  "status": 200,
  "scorePct": 0.0,
  "missingSecureScoreControlIds": null,
  "secureScoreControlId": "CustomerLockBoxEnabled",
  "title": "Ensure the customer lockbox feature is enabled",
  "implementationStatus": "Feature in place: false.",
  "actionUrl": "https://go.microsoft.com/fwlink/?linkid=2095515",
  "details": {
    "groupId": "b71bc79f-f89b-45ad-b11f-a839cf2e9829",
    "totalMembers": 2,
    "enabledMembers": [],
    "reason": "Break-glass group should contain at least two enabled user accounts"
  },
  "fallbackDetector": null,
  "reason": "detect-only registry control (no enforcement implemented)",
  "reasonCode": "CUSTOM_DETECTOR_EVALUATED",
  "reasonDetail": "Evaluated via Teams meeting policies (Get-CsTeamsMeetingPolicy)."
}