{
  "controlId": "MDOSpamNotificationsAdminsOnly",
  "name": "Defender for Office 365: Spam notifications sent only to admins (Secure Score)",
  "category": "Email",
  "tier": 1,
  "mode": "report-only",
  "state": "NOT_EVALUATED",
  "reasonCode": "MISSING_DATA",
  "reasonDetail": "EnableEndUserSpamNotifications is not exposed by Get-HostedContentFilterPolicy in this tenant/module; cannot evaluate without guessing",
  "details": {
    "policiesCount": 1,
    "policies": [
      {
        "EndUserSpamNotificationFrequency": null,
        "presentKeys": [
          "AdminDisplayName",
          "AddXHeaderValue",
          "BulkMovesEnabled",
          "ModifySubjectValue",
          "RedirectToRecipients",
          "TestModeBccToRecipients",
          "FalsePositiveAdditionalRecipients",
          "QuarantineRetentionPeriod",
          "TestModeAction",
          "IncreaseScoreWithImageLinks",
          "IncreaseScoreWithNumericIps",
          "IncreaseScoreWithRedirectToOtherPort",
          "IncreaseScoreWithBizOrInfoUrls",
          "MarkAsSpamEmptyMessages",
          "MarkAsSpamJavaScriptInHtml",
          "MarkAsSpamFramesInHtml",
          "MarkAsSpamObjectTagsInHtml",
          "MarkAsSpamEmbedTagsInHtml",
          "MarkAsSpamFormTagsInHtml",
          "MarkAsSpamWebBugsInHtml",
          "MarkAsSpamSensitiveWordList",
          "MarkAsSpamSpfRecordHardFail",
          "MarkAsSpamFromAddressAuthFail",
          "MarkAsSpamBulkMail",
          "MarkAsSpamNdrBackscatter",
          "IsDefault",
          "LanguageBlockList",
          "RegionBlockList",
          "HighConfidenceSpamAction",
          "SpamAction",
          "DownloadLink",
          "EnableRegionBlockList",
          "EnableLanguageBlockList",
          "BulkThreshold",
          "AllowedSenders",
          "AllowedSenderDomains",
          "BlockedSenders",
          "BlockedSenderDomains",
          "ZapEnabled",
          "InlineSafetyTipsEnabled",
          "BulkSpamAction",
          "PhishSpamAction",
          "SpamZapEnabled",
          "PhishZapEnabled",
          "IntraOrgFilterState",
          "HighConfidencePhishAction",
          "RecommendedPolicyType",
          "SpamQuarantineTag",
          "HighConfidenceSpamQuarantineTag",
          "PhishQuarantineTag",
          "HighConfidencePhishQuarantineTag",
          "BulkQuarantineTag",
          "Identity",
          "Id",
          "IsValid",
          "ExchangeVersion",
          "Name",
          "DistinguishedName",
          "ObjectCategory",
          "ObjectClass",
          "WhenChanged",
          "WhenCreated",
          "WhenChangedUTC",
          "WhenCreatedUTC",
          "ExchangeObjectId",
          "OrganizationalUnitRoot",
          "OrganizationId",
          "Guid",
          "OriginatingServer",
          "ObjectState"
        ],
        "EndUserSpamNotificationCustomFromAddress": null,
        "EnableEndUserSpamNotifications": null,
        "EnableEndUserSpamNotificationsForSpam": null,
        "identity": "Default",
        "EnableEndUserSpamNotificationsForPhish": null
      }
    ],
    "cmdletsUsed": [
      "Get-HostedContentFilterPolicy"
    ],
    "errors": {},
    "missingKeys": [
      "EnableEndUserSpamNotifications"
    ]
  }
}