{
  "tenant": "example",
  "controlId": "LinkedInConnectionsDisabled",
  "action": "detect_only",
  "state": "DRIFTED",
  "displayName": "Entra ID: LinkedIn account connections disabled (Secure Score)",
  "mode": "detect-only",
  "status": 200,
  "scorePct": 0.0,
  "missingSecureScoreControlIds": null,
  "secureScoreControlId": "aad_linkedin_connection_disables",
  "title": "Ensure 'LinkedIn account connections' is disabled",
  "implementationStatus": "LinkedIn account connections is - Not disabled",
  "actionUrl": "https://learn.microsoft.com/en-us/azure/active-directory/enterprise-users/linkedin-integration",
  "details": {
    "isEnabled": false,
    "raw": {
      "@odata.context": "https://graph.microsoft.com/v1.0/$metadata#policies/adminConsentRequestPolicy/$entity",
      "isEnabled": false,
      "notifyReviewers": false,
      "remindersEnabled": false,
      "requestDurationInDays": 0,
      "version": 0,
      "reviewers": []
    }
  },
  "fallbackDetector": null,
  "reason": "detect-only registry control (no enforcement implemented)",
  "reasonCode": "CUSTOM_DETECTOR_EVALUATED",
  "reasonDetail": "Evaluated via Teams meeting policies (Get-CsTeamsMeetingPolicy)."
}