{
  "tenant": "example",
  "controlId": "SelfServicePasswordReset",
  "action": "ensure_drifted",
  "state": "DRIFTED",
  "displayName": "Enable SSPR for all users",
  "approved": true,
  "mode": "report-only",
  "status": 200,
  "details": {
    "current": {
      "isSelfServicePasswordResetEnabled": null
    },
    "mode": "report-only",
    "note": "SSPR is not enabled, but this run is report-only (no changes applied)."
  },
  "reason": "Graph enforcement: authenticationMethodsPolicy.isSelfServicePasswordResetEnabled"
}