{
  "controlId": "MDOPhishThresholdLevel",
  "name": "Defender for Office 365: Phishing threshold level set to 2+ (Secure Score)",
  "category": "Email",
  "tier": 2,
  "mode": "detect-only",
  "state": "DRIFTED",
  "reasonCode": "CUSTOM_DETECTOR_EVALUATED",
  "reasonDetail": "Evaluated via Exchange Online (AntiPhishPolicy.PhishThresholdLevel; compliant when >= 2)",
  "details": {
    "policiesCount": 1,
    "policies": [
      {
        "PhishThresholdLevel": 1,
        "identity": "Office365 AntiPhish Default"
      }
    ],
    "cmdletsUsed": [
      "Get-AntiPhishPolicy"
    ],
    "errors": {}
  }
}