{
  "tenant": "example",
  "controlId": "TeamsDesignatedPresenterConfigured",
  "action": "detect_only",
  "state": "DRIFTED",
  "displayName": "Teams: Configure which users are allowed to present (Secure Score)",
  "mode": "detect-only",
  "status": 200,
  "scorePct": 0.0,
  "missingSecureScoreControlIds": null,
  "secureScoreControlId": "meeting_designatedpresenter_v1",
  "title": "Configure which users are allowed to present in Teams meetings",
  "implementationStatus": "",
  "actionUrl": "https://admin.teams.microsoft.com/policies/meetings",
  "details": {
    "policyIdentity": "Global",
    "setting": "DesignatedPresenterRoleMode",
    "expected": "OrganizerOnlyUserOverride",
    "actual": "EveryoneUserOverride"
  },
  "fallbackDetector": null,
  "reason": "detect-only registry control (no enforcement implemented)",
  "reasonCode": "CUSTOM_DETECTOR_EVALUATED",
  "reasonDetail": "Evaluated via Teams meeting policies (Get-CsTeamsMeetingPolicy)."
}