{
  "tenant": "example",
  "controlId": "AdminOwnedAppsRestricted",
  "action": "detect_only",
  "state": "DRIFTED",
  "displayName": "Restrict user owned apps and services",
  "mode": "detect-only",
  "status": 200,
  "scorePct": 0.0,
  "missingSecureScoreControlIds": null,
  "secureScoreControlId": "admincenter_owned_apps_and_services",
  "title": "Ensure 'User owned apps and services' is restricted",
  "implementationStatus": "'User owned apps and services' is [Not Measured]",
  "actionUrl": "https://learn.microsoft.com/en-us/microsoft-365/admin/manage/manage-addins-in-the-admin-center?view=o365-worldwide",
  "details": {
    "targetRoleNames": [
      "Application Administrator",
      "Authentication Policy Administrator",
      "Cloud Application Administrator",
      "Conditional Access Administrator",
      "Exchange Administrator",
      "Global Administrator",
      "Privileged Role Administrator",
      "Security Administrator",
      "SharePoint Administrator",
      "Teams Administrator",
      "User Administrator"
    ],
    "selectedRoleCount": 2,
    "userCountSeenInTargetRoles": 3,
    "overlapUsers": [],
    "overlapCount": 0
  },
  "fallbackDetector": null,
  "reason": "detect-only registry control (no enforcement implemented)",
  "reasonCode": "CUSTOM_DETECTOR_EVALUATED",
  "reasonDetail": "Evaluated via Teams meeting policies (Get-CsTeamsMeetingPolicy)."
}