{
  "tenant": "example",
  "controlId": "McasFirewallLogUpload",
  "action": "detect_only",
  "state": "DRIFTED",
  "displayName": "Defender for Cloud Apps: Firewall log upload configured (Secure Score)",
  "mode": "detect-only",
  "status": 200,
  "scorePct": 0.0,
  "missingSecureScoreControlIds": null,
  "secureScoreControlId": "McasFirewallLogUpload",
  "title": "Deploy a log collector to discover shadow IT activity",
  "implementationStatus": "Feature in place: false.",
  "actionUrl": "https://security.microsoft.com/cloudapps/settings?tabid=discovery-autoUpload",
  "details": {
    "groupId": "b71bc79f-f89b-45ad-b11f-a839cf2e9829",
    "totalMembers": 2,
    "enabledMembers": [],
    "reason": "Break-glass group should contain at least two enabled user accounts"
  },
  "fallbackDetector": null,
  "reason": "detect-only registry control (no enforcement implemented)",
  "reasonCode": "CUSTOM_DETECTOR_EVALUATED",
  "reasonDetail": "Evaluated via Teams meeting policies (Get-CsTeamsMeetingPolicy)."
}