{
  "tenant": "example",
  "controlId": "DefenderForIdentityDeployed",
  "action": "detect_only",
  "state": "DRIFTED",
  "displayName": "Defender for Identity: Sensors installed / deployment started (Secure Score)",
  "mode": "detect-only",
  "status": 200,
  "scorePct": 0.0,
  "missingSecureScoreControlIds": null,
  "secureScoreControlId": "AATP_DefenderForIdentityIsNotInstalled",
  "title": "Start your Defender for Identity deployment, installing Sensors on Domain Controllers and other eligible servers.",
  "implementationStatus": "",
  "actionUrl": "https://security.microsoft.com/settings/identities?tabid=sensor",
  "details": {
    "policyCount": 1,
    "enabledPolicyCount": 1,
    "enabledPolicies": [
      "Default Sharing Policy"
    ],
    "missingDomainsPropertyCount": 0,
    "missingDomainsPropertyPolicies": [],
    "cmdletsUsed": [
      "Get-SharingPolicy"
    ],
    "errors": {}
  },
  "fallbackDetector": null,
  "reason": "detect-only registry control (no enforcement implemented)",
  "reasonCode": "CUSTOM_DETECTOR_EVALUATED",
  "reasonDetail": "Evaluated via Teams meeting policies (Get-CsTeamsMeetingPolicy)."
}