{
  "tenant": "example",
  "controlId": "SharePointIdleSessionTimeout",
  "action": "detect_only",
  "state": "DRIFTED",
  "displayName": "Sign out inactive users in SharePoint Online",
  "mode": "detect-only",
  "status": 200,
  "details": {
    "IdleSessionSignOutEnabled": false,
    "IdleSessionSignOutWarnAfterSeconds": 0,
    "IdleSessionSignOutAfterSeconds": 0,
    "IdleSessionSignOutEnabled_normalized": false,
    "IdleSessionSignOutNumbersValid": false
  },
  "fallbackDetector": {
    "name": "spo_tenant_settings",
    "result": {
      "ok": true,
      "error": null,
      "tenant": {
        "SyncClientRestrictionEnabled": null,
        "IdleSessionSignOutAfterSeconds": 0,
        "SharingBlockedDomainList": null,
        "IdleSessionSignOutEnabled": false,
        "DefaultSharingLinkType": 3,
        "SharingDomainRestrictionMode": 0,
        "OneDriveSharingCapability": 2,
        "RequireAnonymousLinksExpireInDays": -1,
        "PreventExternalUsersFromResharing": false,
        "AllowedDomainGuids": null,
        "LegacyAuthProtocolsEnabled": true,
        "SharingAllowedDomainList": null,
        "IdleSessionSignOutWarnAfterSeconds": 0,
        "DefaultLinkPermission": 0,
        "SharingCapability": 2
      },
      "adminUrl": "https://6twcdy-admin.sharepoint.com",
      "exitCode": 0
    }
  },
  "reasonCode": "FALLBACK_DETECTOR_EVALUATED",
  "reasonDetail": "Evaluated via SharePoint tenant settings (SPO PowerShell)",
  "reason": "Evaluated via SharePoint tenant settings (SPO PowerShell)"
}