{
  "tenant": "example",
  "controlId": "PurviewAutoLabelingPolicies",
  "action": "detect_only",
  "state": "DRIFTED",
  "displayName": "Purview: Auto-labeling policies configured (Secure Score)",
  "mode": "detect-only",
  "status": 200,
  "scorePct": 0.0,
  "missingSecureScoreControlIds": null,
  "secureScoreControlId": "mip_autosensitivitylabelspolicies",
  "title": "Ensure that Auto-labeling data classification policies are set up and used",
  "implementationStatus": "Policies were published on 0 of the 19 users",
  "actionUrl": "https://compliance.microsoft.com/informationprotection?viewid=autolabeling&tid=d9ff2399-92ca-4e0c-87d0-5769459f2755",
  "details": {
    "policyCount": 1,
    "enabledPolicyCount": 1,
    "enabledPolicies": [
      "Default Sharing Policy"
    ],
    "missingDomainsPropertyCount": 0,
    "missingDomainsPropertyPolicies": [],
    "cmdletsUsed": [
      "Get-SharingPolicy"
    ],
    "errors": {}
  },
  "fallbackDetector": null,
  "reason": "detect-only registry control (no enforcement implemented)",
  "reasonCode": "CUSTOM_DETECTOR_EVALUATED",
  "reasonDetail": "Evaluated via Teams meeting policies (Get-CsTeamsMeetingPolicy)."
}