{
  "controlId": "MDOTurnOnMDOForSPOODTeams",
  "name": "Defender for Office 365: Turn on MDO for SharePoint, OneDrive, and Teams (Secure Score)",
  "category": "Apps",
  "tier": 2,
  "mode": "detect-only",
  "state": "DRIFTED",
  "reasonCode": "CUSTOM_DETECTOR_EVALUATED",
  "reasonDetail": "Evaluated via Exchange Online (MDO for SharePoint/OneDrive/Teams settings)",
  "details": {
    "policiesCount": 1,
    "policies": [
      {
        "EnableATPForSPOTeamsODB": false,
        "EnableSafeDocs": false,
        "EnableATPForSharePoint": null,
        "EnableSafeLinksForO365Clients": null,
        "identity": "6twcdy.onmicrosoft.com\\Default"
      }
    ],
    "cmdletsUsed": [
      "Get-AtpPolicyForO365"
    ],
    "errors": {}
  }
}