{
  "tenant": "example",
  "controlId": "PhishingResistantMfaStrengthGap",
  "action": "detect_only",
  "state": "DRIFTED",
  "displayName": "Entra ID: Phishing-resistant MFA strength required for admins (Secure Score gap only)",
  "mode": "detect-only",
  "status": 200,
  "scorePct": 0.0,
  "missingSecureScoreControlIds": null,
  "secureScoreControlId": "aad_phishing_MFA_strength",
  "title": "Ensure 'Phishing-resistant MFA strength' is required for Administrators",
  "implementationStatus": "Phishing-resistant MFA strength is mFA strength is not yet enabled in the following accounts: \"ATLAS - Admin Phishing-resistant MFA Strength\". To activate this setting, take the following steps.",
  "actionUrl": "https://learn.microsoft.com/en-us/azure/active-directory/identity-protection/howto-identity-protection-configure-mfa-policy",
  "details": {
    "servicePrincipal": {
      "id": "9526a235-534f-4e7e-a5e3-ecf92d15e27d",
      "displayName": "Azure Resource Manager",
      "appId": "797f4846-ba00-4fd7-ba43-dac1f8f63013",
      "appRoleAssignmentRequired": false
    }
  },
  "fallbackDetector": null,
  "reason": "detect-only registry control (no enforcement implemented)",
  "reasonCode": "CUSTOM_DETECTOR_EVALUATED",
  "reasonDetail": "Evaluated via Teams meeting policies (Get-CsTeamsMeetingPolicy)."
}