{
  "tenant": "example",
  "controlId": "MDETamperProtectionStatus",
  "action": "detect_only",
  "state": "DRIFTED",
  "displayName": "Defender for Endpoint tamper protection enabled (status check)",
  "mode": "detect-only",
  "status": 200,
  "details": {
    "signal": "not_implemented",
    "reason": "MDE tamper protection API not wired yet (detect-only placeholder)",
    "nextStep": "Add MDE API token + query device configuration / security settings"
  },
  "reason": "standalone detect-only detector"
}