{
  "tenant": "example",
  "controlId": "OneDriveBlockSyncUnmanagedDevices",
  "action": "detect_only",
  "state": "DRIFTED",
  "displayName": "OneDrive: Block sync from unmanaged devices (Secure Score)",
  "mode": "detect-only",
  "status": 200,
  "scorePct": 0.0,
  "missingSecureScoreControlIds": null,
  "secureScoreControlId": "spo_block_onedrive_sync_unmanaged_devices",
  "title": "Block OneDrive for Business sync from unmanaged devices",
  "implementationStatus": "Blocking OneDrive for Business sync from unmanaged devices is: disabled",
  "actionUrl": "https://learn.microsoft.com/en-US/sharepoint/allow-syncing-only-on-specific-domains?WT.mc_id=365AdminCSH_spo",
  "details": {
    "permissionGrantPoliciesAssigned": [
      "ManagePermissionGrantsForSelf.microsoft-user-default-recommended",
      "ManagePermissionGrantsForSelf.microsoft-user-default-allow-consent-apps",
      "ManagePermissionGrantsForOwnedResource.microsoft-dynamically-managed-permissions-for-team",
      "ManagePermissionGrantsForOwnedResource.microsoft-dynamically-managed-permissions-for-chat"
    ],
    "note": "Permission grant policies are assigned to the default user role (user consent is restricted)."
  },
  "fallbackDetector": null,
  "reason": "detect-only registry control (no enforcement implemented)",
  "reasonCode": "CUSTOM_DETECTOR_EVALUATED",
  "reasonDetail": "Evaluated via Teams meeting policies (Get-CsTeamsMeetingPolicy)."
}