{
  "controlId": "MDOSafetyTipsEnabled",
  "name": "Defender for Office 365: Impersonation safety tips enabled (Secure Score)",
  "category": "Email",
  "tier": 1,
  "mode": "report-only",
  "state": "DRIFTED",
  "reasonCode": "CUSTOM_DETECTOR_EVALUATED",
  "reasonDetail": "Evaluated via Exchange Online (Get-AntiPhishPolicy safety tips flags: similar users/domains/unusual characters)",
  "details": {
    "policiesCount": 1,
    "policies": [
      {
        "EnableFirstContactSafetyTips": false,
        "EnableUnusualCharactersSafetyTips": false,
        "presentKeys": [
          "Enabled",
          "ImpersonationProtectionState",
          "EnableTargetedUserProtection",
          "EnableMailboxIntelligenceProtection",
          "EnableTargetedDomainsProtection",
          "EnableOrganizationDomainsProtection",
          "EnableMailboxIntelligence",
          "EnableFirstContactSafetyTips",
          "EnableSimilarUsersSafetyTips",
          "EnableSimilarDomainsSafetyTips",
          "EnableUnusualCharactersSafetyTips",
          "TargetedUserProtectionAction",
          "TargetedUserQuarantineTag",
          "MailboxIntelligenceProtectionAction",
          "MailboxIntelligenceQuarantineTag",
          "TargetedDomainProtectionAction",
          "TargetedDomainQuarantineTag",
          "AuthenticationFailAction",
          "SpoofQuarantineTag",
          "EnableSpoofIntelligence",
          "EnableViaTag",
          "EnableUnauthenticatedSender",
          "EnableSuspiciousSafetyTip",
          "HonorDmarcPolicy",
          "DmarcRejectAction",
          "DmarcQuarantineAction",
          "PhishThresholdLevel",
          "TargetedUsersToProtect",
          "TargetedUserActionRecipients",
          "MailboxIntelligenceProtectionActionRecipients",
          "TargetedDomainsToProtect",
          "TargetedDomainActionRecipients",
          "ExcludedDomains",
          "ExcludedSenders",
          "ExcludedSubDomains",
          "IsDefault",
          "AdminDisplayName",
          "PolicyTag",
          "RecommendedPolicyType",
          "Identity",
          "Id",
          "IsValid",
          "ExchangeVersion",
          "Name",
          "DistinguishedName",
          "ObjectCategory",
          "ObjectClass",
          "WhenChanged",
          "WhenCreated",
          "WhenChangedUTC",
          "WhenCreatedUTC",
          "ExchangeObjectId",
          "OrganizationalUnitRoot",
          "OrganizationId",
          "Guid",
          "OriginatingServer",
          "ObjectState"
        ],
        "identity": "Office365 AntiPhish Default",
        "EnableSimilarDomainsSafetyTips": false,
        "EnableSuspiciousSafetyTip": false,
        "EnableSimilarUsersSafetyTips": false
      }
    ],
    "cmdletsUsed": [
      "Get-AntiPhishPolicy"
    ],
    "errors": {}
  }
}