{
  "tenant": "example",
  "controlId": "CAAdminSignInFrequencySessionTimeout",
  "action": "ensure_skipped_no_drift",
  "displayName": "ATLAS - Admin Sign-in Frequency + Non-persistent Browser Sessions",
  "state": "COMPLIANT",
  "approved": false,
  "mode": "detect-only",
  "status": 200,
  "policyId": "14b8367f-16ce-47b9-844e-5060b2b2a9a7",
  "details": {
    "result": {
      "result": "skipped_no_drift",
      "status": 200,
      "policyId": "14b8367f-16ce-47b9-844e-5060b2b2a9a7",
      "body": {
        "id": "14b8367f-16ce-47b9-844e-5060b2b2a9a7",
        "templateId": null,
        "displayName": "ATLAS - Admin Sign-in Frequency + Non-persistent Browser Sessions",
        "createdDateTime": "2026-01-06T19:07:54.4621276Z",
        "modifiedDateTime": null,
        "state": "enabledForReportingButNotEnforced",
        "grantControls": null,
        "conditions": {
          "userRiskLevels": [],
          "signInRiskLevels": [],
          "clientAppTypes": [
            "all"
          ],
          "servicePrincipalRiskLevels": [],
          "insiderRiskLevels": null,
          "platforms": null,
          "locations": null,
          "devices": null,
          "clientApplications": null,
          "authenticationFlows": null,
          "applications": {
            "includeApplications": [
              "All"
            ],
            "excludeApplications": [],
            "includeUserActions": [],
            "includeAuthenticationContextClassReferences": [],
            "applicationFilter": null
          },
          "users": {
            "includeUsers": [
              "All"
            ],
            "excludeUsers": [],
            "includeGroups": [],
            "excludeGroups": [
              "b71bc79f-f89b-45ad-b11f-a839cf2e9829"
            ],
            "includeRoles": [],
            "excludeRoles": [],
            "includeGuestsOrExternalUsers": null,
            "excludeGuestsOrExternalUsers": null
          }
        },
        "sessionControls": {
          "disableResilienceDefaults": null,
          "applicationEnforcedRestrictions": null,
          "cloudAppSecurity": null,
          "secureSignInSession": null,
          "signInFrequency": {
            "value": 1,
            "type": "hours",
            "authenticationType": "primaryAndSecondaryAuthentication",
            "frequencyInterval": "timeBased",
            "isEnabled": true
          },
          "persistentBrowser": {
            "mode": "never",
            "isEnabled": true
          }
        }
      }
    },
    "payload": {
      "displayName": "ATLAS - Admin Sign-in Frequency + Non-persistent Browser Sessions",
      "state": "enabledForReportingButNotEnforced",
      "conditions": {
        "users": {
          "includeUsers": [
            "All"
          ],
          "excludeUsers": [],
          "excludeGroups": [
            "b71bc79f-f89b-45ad-b11f-a839cf2e9829"
          ]
        },
        "applications": {
          "includeApplications": [
            "All"
          ]
        },
        "clientAppTypes": [
          "all"
        ]
      },
      "sessionControls": {
        "signInFrequency": {
          "type": "hours",
          "value": 1,
          "isEnabled": true
        },
        "persistentBrowser": {
          "mode": "never",
          "isEnabled": true
        }
      }
    },
    "caDebug": {
      "seenCount": 8,
      "sampleNames": [
        "ATLAS - Risky Sign-in MFA (Report Only)",
        "ATLAS - Risky User Password Change (Report Only)",
        "ATLAS - Admin MFA (Report Only)",
        "ATLAS - Block Legacy Auth (Admins)"
      ],
      "matchedBy": "prefix"
    }
  }
}