{
  "tenant": "example",
  "controlId": "SharePointSharingAllowedDomainListConfigured",
  "action": "ensure_not_evaluated",
  "state": "NOT_EVALUATED",
  "displayName": "SharePoint: Allowed domain list configured (when allow-list mode is enabled)",
  "approved": false,
  "mode": "detect-only",
  "status": 500,
  "details": {
    "before": {
      "SharingDomainRestrictionMode": 0,
      "SharingAllowedDomainList": null
    },
    "before_normalized": {
      "SharingDomainRestrictionMode": "None",
      "SharingAllowedDomainList": []
    },
    "mode": "detect-only",
    "requested": {
      "sharingAllowedDomainList": null
    }
  },
  "reasonCode": "UNSUPPORTED_MODE",
  "reasonDetail": "Unsupported mode: detect-only",
  "reason": "Unsupported mode: detect-only"
}