{
  "tenant": "example",
  "controlId": "CAAdminSignInFrequencySessionTimeout",
  "action": "report_only_check",
  "state": "DRIFTED",
  "displayName": "ATLAS - Admin Sign-in Frequency + Non-persistent Browser Sessions",
  "approved": false,
  "mode": "detect-only",
  "status": 200,
  "details": {
    "policyId": "371d1d61-5d46-487f-8a32-c167e8b3b27a",
    "match": false,
    "reasonCode": "DRIFTED",
    "reasonDetail": "Control evaluated as non-compliant (drift detected)."
  },
  "durationSeconds": 0.376,
  "reasonCode": "DRIFTED",
  "reasonDetail": "Control evaluated as non-compliant (drift detected)."
}