{
  "tenant": "example",
  "controlId": "EXOStorageProvidersRestricted",
  "action": "detect_only",
  "state": "DRIFTED",
  "displayName": "Exchange Online: Restrict additional storage providers in Outlook on the web (Secure Score)",
  "mode": "detect-only",
  "status": 200,
  "details": {
    "policyCount": 1,
    "enabledPolicyCount": 1,
    "enabledPolicies": [
      "OwaMailboxPolicy-Default"
    ],
    "missingPropertyCount": 0,
    "missingPropertyPolicies": [],
    "cmdletsUsed": [],
    "errors": {},
    "reasonCode": "CUSTOM_DETECTOR_EVALUATED",
    "reasonDetail": "Evaluated via Exchange Online (Get-OwaMailboxPolicy.AdditionalStorageProvidersAvailable); 1 policy(s) allow additional storage providers"
  },
  "reasonCode": "CUSTOM_DETECTOR_EVALUATED",
  "reasonDetail": "Evaluated via Exchange Online (Get-OwaMailboxPolicy.AdditionalStorageProvidersAvailable); 1 policy(s) allow additional storage providers",
  "reason": "Evaluated via Exchange Online (Get-OwaMailboxPolicy.AdditionalStorageProvidersAvailable); 1 policy(s) allow additional storage providers",
  "durationSeconds": 0.0
}