{
  "tenant": "example",
  "controlId": "UserRiskPolicy",
  "action": "ensure_skipped_no_drift",
  "displayName": "ATLAS - Risky User Password Change (Report Only)",
  "approved": false,
  "mode": "report-only",
  "status": 200,
  "policyId": "f4fb7ee7-62f9-4554-9bb2-c85a0306472c",
  "durationSeconds": 0.368,
  "state": "COMPLIANT",
  "details": {
    "reasonCode": "COMPLIANT",
    "reasonDetail": "Control evaluated as compliant."
  },
  "reasonCode": "COMPLIANT",
  "reasonDetail": "Control evaluated as compliant."
}