{
  "tenant": "example",
  "controlId": "MDOBlockAutoForwarding",
  "action": "ensure_skipped_awaiting_approval",
  "displayName": "Defender for Office 365: Automatic email forwarding blocked (Secure Score)",
  "approved": false,
  "mode": "report-only",
  "status": 403,
  "reason": "missing approval file: approvals\\example\\MDOBlockAutoForwarding.json",
  "durationSeconds": 0.0,
  "state": "AWAITING_APPROVAL",
  "details": {
    "reasonCode": "AWAITING_APPROVAL",
    "reasonDetail": "Control requires approval before enforcement."
  },
  "reasonCode": "AWAITING_APPROVAL",
  "reasonDetail": "Control requires approval before enforcement."
}