{
  "tenant": "example",
  "controlId": "SharePointGuestUsersCannotReshare",
  "action": "detect_only",
  "state": "DRIFTED",
  "displayName": "SharePoint: Guest users cannot share items they don't own (Secure Score)",
  "mode": "detect-only",
  "status": 200,
  "details": {
    "PreventExternalUsersFromResharing": false,
    "PreventExternalUsersFromResharing_normalized": false,
    "reasonCode": "CUSTOM_DETECTOR_EVALUATED",
    "reasonDetail": "Control evaluated as non-compliant (drift detected)."
  },
  "reason": "Evaluated via SPO tenant setting PreventExternalUsersFromResharing.",
  "reasonCode": "CUSTOM_DETECTOR_EVALUATED",
  "durationSeconds": 0.0,
  "reasonDetail": "Control evaluated as non-compliant (drift detected)."
}