{
  "tenant": "example",
  "controlId": "OneDriveBlockSyncUnmanagedDevices",
  "action": "detect_only",
  "state": "DRIFTED",
  "displayName": "OneDrive: Block sync from unmanaged devices (Secure Score)",
  "mode": "detect-only",
  "status": 200,
  "details": {
    "TenantSyncClientRestriction": {
      "AllowedDomainList": [],
      "GrooveBlockOption": null,
      "BlockMacSync": false,
      "TenantRestrictionEnabled": false
    },
    "TenantRestrictionEnabled": false,
    "AllowedDomainList": [],
    "SyncClientRestrictionEnabled": null,
    "AllowedDomainGuids": null,
    "effectiveRestrictionEnabled_normalized": false,
    "reasonCode": "CUSTOM_DETECTOR_EVALUATED",
    "reasonDetail": "Control evaluated as non-compliant (drift detected)."
  },
  "reason": "Evaluated via SPO tenant sync restriction settings (TenantSyncClientRestriction / SyncClientRestrictionEnabled fallback).",
  "reasonCode": "CUSTOM_DETECTOR_EVALUATED",
  "durationSeconds": 0.0,
  "reasonDetail": "Control evaluated as non-compliant (drift detected)."
}