{
  "tenant": "example",
  "controlId": "IntegratedAppsRestricted",
  "action": "detect_only",
  "state": "COMPLIANT",
  "displayName": "Restrict integrated applications access",
  "mode": "detect-only",
  "status": 200,
  "details": {
    "permissionGrantPoliciesAssigned": [
      "ManagePermissionGrantsForSelf.microsoft-user-default-recommended",
      "ManagePermissionGrantsForSelf.microsoft-user-default-allow-consent-apps",
      "ManagePermissionGrantsForOwnedResource.microsoft-dynamically-managed-permissions-for-team",
      "ManagePermissionGrantsForOwnedResource.microsoft-dynamically-managed-permissions-for-chat"
    ],
    "note": "Permission grant policies are assigned to the default user role (user consent is restricted).",
    "reasonCode": "COMPLIANT",
    "reasonDetail": "Control evaluated as compliant."
  },
  "reason": "Graph detect: policies/authorizationPolicy permissionGrantPoliciesAssigned (user consent restriction)",
  "durationSeconds": 0.343,
  "reasonCode": "COMPLIANT",
  "reasonDetail": "Control evaluated as compliant."
}