{
  "tenant": "example",
  "controlId": "BlockLegacyAuthenticationPolicy",
  "action": "ensure_report_only_check",
  "state": "DRIFTED",
  "displayName": "ATLAS - Block Legacy Authentication",
  "approved": false,
  "mode": "report-only",
  "status": 200,
  "details": {
    "policyId": "371d1d61-5d46-487f-8a32-c167e8b3b27a",
    "match": false,
    "reason": "Policy differs from desired payload",
    "reasonCode": "DRIFTED",
    "reasonDetail": "Control evaluated as non-compliant (drift detected)."
  },
  "durationSeconds": 0.376,
  "reasonCode": "DRIFTED",
  "reasonDetail": "Control evaluated as non-compliant (drift detected)."
}