{
  "controlId": "MDOMailboxIntelligenceProtection",
  "name": "Defender for Office 365: Enable mailbox intelligence for impersonation protection (Secure Score)",
  "category": "Apps",
  "tier": 2,
  "mode": "detect-only",
  "state": "DRIFTED",
  "reasonCode": "CUSTOM_DETECTOR_EVALUATED",
  "reasonDetail": "Evaluated via Exchange Online (AntiPhishPolicy.EnableMailboxIntelligenceProtection)",
  "details": {
    "policiesCount": 1,
    "policies": [
      {
        "EnableMailboxIntelligenceProtection": false,
        "identity": "Office365 AntiPhish Default"
      }
    ],
    "cmdletsUsed": [
      "Get-AntiPhishPolicy"
    ],
    "errors": {},
    "reasonCode": "CUSTOM_DETECTOR_EVALUATED",
    "reasonDetail": "Evaluated via Exchange Online (AntiPhishPolicy.EnableMailboxIntelligenceProtection)"
  },
  "durationSeconds": 0.0
}