{
  "tenant": "example",
  "controlId": "SelfServicePasswordReset",
  "action": "ensure_drifted",
  "state": "DRIFTED",
  "displayName": "Enable SSPR for all users",
  "approved": true,
  "mode": "report-only",
  "status": 200,
  "details": {
    "current": {
      "isSelfServicePasswordResetEnabled": null
    },
    "mode": "report-only",
    "note": "SSPR is not enabled, but this run is report-only (no changes applied).",
    "reasonCode": "DRIFTED",
    "reasonDetail": "Control evaluated as non-compliant (drift detected)."
  },
  "reason": "Graph enforcement: authenticationMethodsPolicy.isSelfServicePasswordResetEnabled",
  "durationSeconds": 0.533,
  "reasonCode": "DRIFTED",
  "reasonDetail": "Control evaluated as non-compliant (drift detected)."
}