{
  "tenant": "example",
  "controlId": "SigninRiskPolicy",
  "action": "ensure_skipped_no_drift",
  "displayName": "ATLAS - Risky Sign-in MFA (Report Only)",
  "approved": false,
  "mode": "report-only",
  "status": 200,
  "policyId": "d56c99a6-2fe2-4905-9b97-3552bd8bb0e0",
  "durationSeconds": 0.35,
  "state": "COMPLIANT",
  "details": {
    "reasonCode": "COMPLIANT",
    "reasonDetail": "Control evaluated as compliant."
  },
  "reasonCode": "COMPLIANT",
  "reasonDetail": "Control evaluated as compliant."
}