{
  "tenant": "example",
  "controlId": "CAAdminMFAAllApps",
  "action": "ensure_skipped_no_drift",
  "displayName": "ATLAS - Require MFA (Admins)",
  "approved": true,
  "mode": "enforce",
  "status": 200,
  "state": "COMPLIANT",
  "policyId": "e5d56387-f37b-4198-bf54-d510f00af92b",
  "details": {
    "result": {
      "result": "skipped_no_drift",
      "status": 200,
      "policyId": "e5d56387-f37b-4198-bf54-d510f00af92b",
      "body": {
        "id": "e5d56387-f37b-4198-bf54-d510f00af92b",
        "templateId": null,
        "displayName": "ATLAS - Require MFA (Admins)",
        "createdDateTime": "2026-01-05T19:19:19.1879536Z",
        "modifiedDateTime": null,
        "state": "enabled",
        "sessionControls": null,
        "conditions": {
          "userRiskLevels": [],
          "signInRiskLevels": [],
          "clientAppTypes": [
            "all"
          ],
          "servicePrincipalRiskLevels": [],
          "insiderRiskLevels": null,
          "platforms": null,
          "locations": null,
          "devices": null,
          "clientApplications": null,
          "authenticationFlows": null,
          "applications": {
            "includeApplications": [
              "All"
            ],
            "excludeApplications": [],
            "includeUserActions": [],
            "includeAuthenticationContextClassReferences": [],
            "applicationFilter": null
          },
          "users": {
            "includeUsers": [
              "All"
            ],
            "excludeUsers": [],
            "includeGroups": [],
            "excludeGroups": [
              "b71bc79f-f89b-45ad-b11f-a839cf2e9829"
            ],
            "includeRoles": [],
            "excludeRoles": [],
            "includeGuestsOrExternalUsers": null,
            "excludeGuestsOrExternalUsers": null
          }
        },
        "grantControls": {
          "operator": "OR",
          "builtInControls": [
            "mfa"
          ],
          "customAuthenticationFactors": [],
          "termsOfUse": [],
          "authenticationStrength@odata.context": "https://graph.microsoft.com/v1.0/$metadata#identity/conditionalAccess/policies('e5d56387-f37b-4198-bf54-d510f00af92b')/grantControls/authenticationStrength/$entity",
          "authenticationStrength": null
        }
      }
    },
    "payload": {
      "displayName": "ATLAS - Require MFA (Admins)",
      "state": "enabled",
      "conditions": {
        "users": {
          "includeUsers": [
            "All"
          ],
          "excludeUsers": [],
          "excludeGroups": [
            "b71bc79f-f89b-45ad-b11f-a839cf2e9829"
          ]
        },
        "applications": {
          "includeApplications": [
            "All"
          ],
          "excludeApplications": []
        },
        "clientAppTypes": [
          "all"
        ]
      },
      "grantControls": {
        "operator": "OR",
        "builtInControls": [
          "mfa"
        ]
      }
    },
    "caDebug": {
      "seenCount": 8,
      "sampleNames": [
        "ATLAS - Risky Sign-in MFA (Report Only)",
        "ATLAS - Risky User Password Change (Report Only)",
        "ATLAS - Admin MFA (Report Only)",
        "ATLAS - Block Legacy Auth (Admins)"
      ],
      "matchedBy": "prefix"
    },
    "reasonCode": "COMPLIANT",
    "reasonDetail": "Control evaluated as compliant."
  },
  "durationSeconds": 1.173,
  "reasonCode": "COMPLIANT",
  "reasonDetail": "Control evaluated as compliant."
}