{
  "tenant": "example",
  "controlId": "DefenderForIdentityDeployed",
  "action": "detect_only",
  "state": "NOT_EVALUATED",
  "displayName": "Defender for Identity: Sensors installed / deployment started (Secure Score)",
  "mode": "detect-only",
  "status": 424,
  "details": {
    "endpoint": "https://graph.microsoft.com/v1.0/security/identities/sensors",
    "httpStatus": 403,
    "responseText": "{\"error\":{\"code\":\"Forbidden\",\"message\":\"Tenant is not onboarded to Microsoft Defender for Identity. After license is purchased, first login to portal and sensor are required. For more info: https://learn.microsoft.com/en-us/defender-for-identity/deploy/deploy-defender-identity\",\"innerError\":{\"date\":\"2026-01-13T14:24:22\",\"request-id\":\"e0e603fb-a74a-440b-b571-4c7648ef3076\",\"client-request-id\":\"e0e603fb-a74a-440b-b571-4c7648ef3076\"}}}",
    "reasonCode": "AUTH_FORBIDDEN",
    "reasonDetail": "Forbidden calling Graph Security sensors API. Ensure the app has Microsoft Graph application permission SecurityIdentitiesSensors.Read.All and admin consent is granted."
  },
  "reasonCode": "AUTH_FORBIDDEN",
  "reasonDetail": "Forbidden calling Graph Security sensors API. Ensure the app has Microsoft Graph application permission SecurityIdentitiesSensors.Read.All and admin consent is granted.",
  "reason": "Forbidden calling Graph Security sensors API. Ensure the app has Microsoft Graph application permission SecurityIdentitiesSensors.Read.All and admin consent is granted.",
  "durationSeconds": 0.915
}