{
  "tenant": "example",
  "controlId": "AdminAccountsSeparateCloudOnly",
  "action": "detect_only",
  "state": "NOT_EVALUATED",
  "displayName": "Entra ID: Separate cloud-only admin accounts (Secure Score)",
  "mode": "detect-only",
  "status": 200,
  "details": {
    "checkedGlobalAdminUsers": 3,
    "syncedGlobalAdminUsers": [],
    "unknownOnPremSyncCount": 3,
    "note": "This detector validates 'cloud-only' admin accounts by checking onPremisesSyncEnabled for Global Administrator members.",
    "reason": "onPremisesSyncEnabled was not returned for one or more Global Administrator users; cannot prove cloud-only admin accounts.",
    "reasonCode": "NOT_EVALUATED",
    "reasonDetail": "Control not evaluated (blocked, missing data, or error)."
  },
  "reason": "Graph detect: Global Administrator members onPremisesSyncEnabled (cloud-only check)",
  "durationSeconds": 0.709,
  "reasonCode": "NOT_EVALUATED",
  "reasonDetail": "Control not evaluated (blocked, missing data, or error)."
}