{
  "controlId": "MDOBulkSpamAction",
  "name": "Defender for Office 365: Action for bulk spam detection (Secure Score)",
  "category": "Apps",
  "tier": 1,
  "mode": "detect-only",
  "state": "COMPLIANT",
  "reasonCode": "CUSTOM_DETECTOR_EVALUATED",
  "reasonDetail": "Evaluated via Exchange Online (Get-HostedContentFilterPolicy.BulkSpamAction)",
  "details": {
    "policiesCount": 1,
    "policies": [
      {
        "BulkComplaintLevelThreshold": null,
        "BulkThreshold": 7,
        "BulkSpamAction": "MoveToJmf",
        "ThresholdReachedAction": null,
        "identity": "Default"
      }
    ],
    "cmdletsUsed": [
      "Get-HostedContentFilterPolicy"
    ],
    "errors": {},
    "reasonCode": "CUSTOM_DETECTOR_EVALUATED",
    "reasonDetail": "Evaluated via Exchange Online (Get-HostedContentFilterPolicy.BulkSpamAction)"
  },
  "durationSeconds": 0.0
}