{
  "controlId": "MDOTargetedUserProtectionAction",
  "name": "Defender for Office 365: Targeted user impersonation action quarantines (Secure Score)",
  "category": "Email",
  "tier": 2,
  "mode": "detect-only",
  "state": "DRIFTED",
  "reasonCode": "CUSTOM_DETECTOR_EVALUATED",
  "reasonDetail": "Evaluated via Exchange Online (AntiPhishPolicy.TargetedUserProtectionAction)",
  "details": {
    "policiesCount": 1,
    "policies": [
      {
        "EnableSimilarDomainsSafetyTips": false,
        "EnableTargetedUserProtection": false,
        "EnableFirstContactSafetyTips": false,
        "EnableSimilarUsersSafetyTips": false,
        "EnableTargetedDomainsProtection": false,
        "TargetedUserProtectionAction": "NoAction",
        "TargetedDomainProtectionAction": "NoAction",
        "identity": "Office365 AntiPhish Default",
        "EnableUnusualCharactersSafetyTips": false,
        "EnableMailboxIntelligenceProtection": false,
        "PhishThresholdLevel": 1,
        "EnableSuspiciousSafetyTip": false
      }
    ],
    "cmdletsUsed": [
      "Get-OrganizationConfig",
      "Get-EXOMailbox",
      "Get-MailboxAuditBypassAssociation",
      "Get-HostedContentFilterPolicy",
      "Get-AntiPhishPolicy"
    ],
    "errors": {},
    "reasonCode": "CUSTOM_DETECTOR_EVALUATED",
    "reasonDetail": "Evaluated via Exchange Online (AntiPhishPolicy.TargetedUserProtectionAction)"
  },
  "durationSeconds": 0.0
}