{
  "controlId": "MDOSafeDocumentsEnabled",
  "name": "Defender for Office 365: Turn on Safe Documents for Office clients (Secure Score)",
  "category": "Email",
  "tier": 1,
  "mode": "detect-only",
  "state": "DRIFTED",
  "reasonCode": "CUSTOM_DETECTOR_EVALUATED",
  "reasonDetail": "Evaluated via Exchange Online (Safe Documents policy flags); used fallback EnableSafeDocs because EnableSafeDocsForClients was not returned in this tenant",
  "details": {
    "policiesCount": 1,
    "policies": [
      {
        "TrackSafeDocs": null,
        "EnableSafeDocs": false,
        "EnableSafeDocsForClients": null,
        "identity": "6twcdy.onmicrosoft.com\\Default",
        "AllowSafeDocsOpen": false,
        "EnableATPForSPOTeamsODB": false,
        "EnableATPForSharePoint": null,
        "EnableSafeLinksForO365Clients": null
      }
    ],
    "cmdletsUsed": [
      "Get-AntiPhishPolicy",
      "Get-AtpPolicyForO365"
    ],
    "errors": {},
    "reasonCode": "CUSTOM_DETECTOR_EVALUATED",
    "reasonDetail": "Evaluated via Exchange Online (Safe Documents policy flags); used fallback EnableSafeDocs because EnableSafeDocsForClients was not returned in this tenant"
  },
  "durationSeconds": 0.0
}