{
  "tenant": "example",
  "controlId": "PurviewLabelConsentDataMap",
  "action": "detect_only",
  "state": "NOT_EVALUATED",
  "displayName": "Purview: Sensitivity labeling extended to Purview data map assets (Secure Score)",
  "mode": "detect-only",
  "status": 424,
  "details": {
    "labelCount": 0,
    "scopedLabelEvidence": [],
    "unknownContentTypeLabels": [],
    "reasonCode": "INSUFFICIENT_SIGNAL",
    "reasonDetail": "Unable to confirm Data Map labeling consent via stable API; no clear evidence of file/asset-scoped sensitivity labels found in Get-Label output."
  },
  "reasonCode": "INSUFFICIENT_SIGNAL",
  "reasonDetail": "Unable to confirm Data Map labeling consent via stable API; no clear evidence of file/asset-scoped sensitivity labels found in Get-Label output.",
  "reason": "Unable to confirm Data Map labeling consent via stable API; no clear evidence of file/asset-scoped sensitivity labels found in Get-Label output.",
  "durationSeconds": 1.688
}