{
  "tenant": "example",
  "controlId": "GlobalAdminCountOptimised",
  "action": "detect_only",
  "state": "COMPLIANT",
  "displayName": "Limit number of Global Administrators",
  "mode": "detect-only",
  "status": 200,
  "details": {
    "globalAdmin": {
      "enabledUserCount": 3,
      "unknownAccountEnabledCount": 0,
      "nonUserMemberObjectsSkipped": 0,
      "sampleEnabledUsers": [
        {
          "id": "808c49ec-0af9-4edb-bd88-8549196c05ca",
          "displayName": "Alex Tsikkos",
          "userPrincipalName": "Atlas@6twcdy.onmicrosoft.com",
          "onPremisesSyncEnabled": null
        },
        {
          "id": "eed95030-2d16-4a02-88a6-524d84c11879",
          "displayName": "BG1",
          "userPrincipalName": "BREAKGLASS1@6twcdy.onmicrosoft.com",
          "onPremisesSyncEnabled": null
        },
        {
          "id": "6708e991-5d68-44ec-87d8-2b5a5a3d1de7",
          "displayName": "BG2",
          "userPrincipalName": "BREAKGLASS2@6twcdy.onmicrosoft.com",
          "onPremisesSyncEnabled": null
        }
      ],
      "threshold": 5
    },
    "reasonCode": "COMPLIANT",
    "reasonDetail": "Control evaluated as compliant."
  },
  "reason": "Graph detect: directoryRoles(Global Administrator) member count",
  "durationSeconds": 0.707,
  "reasonCode": "COMPLIANT",
  "reasonDetail": "Control evaluated as compliant."
}