{
  "tenant": "example",
  "controlId": "CAAllUsersBlockLegacyAuth",
  "action": "ensure_skipped_no_drift",
  "displayName": "ATLAS - Block Legacy Auth (All Users)",
  "approved": true,
  "mode": "enforce",
  "status": 200,
  "policyId": "9ee6563f-f87f-4bcf-905f-16cfd622038c",
  "payload": null,
  "errorBody": null,
  "errorText": null,
  "caDebug": {
    "seenCount": 8,
    "sampleNames": [
      "ATLAS - Risky Sign-in MFA (Report Only)",
      "ATLAS - Risky User Password Change (Report Only)",
      "ATLAS - Admin MFA (Report Only)",
      "ATLAS - Block Legacy Auth (Admins)"
    ],
    "matchedBy": "prefix"
  },
  "durationSeconds": 0.916,
  "state": "COMPLIANT",
  "details": {
    "reasonCode": "COMPLIANT",
    "reasonDetail": "Control evaluated as compliant."
  },
  "reasonCode": "COMPLIANT",
  "reasonDetail": "Control evaluated as compliant."
}