{
  "tenant": "example",
  "controlId": "PurviewAutoLabelingPolicies",
  "action": "detect_only",
  "state": "NOT_EVALUATED",
  "displayName": "Purview: Auto-labeling policies configured (Secure Score)",
  "mode": "detect-only",
  "status": 424,
  "details": {
    "raw": {
      "policyCount": null,
      "reason": "Cmdlet missing in installed ExchangeOnlineManagement module",
      "ok": false,
      "connected": false,
      "policies": [],
      "missingCmdlet": "Get-AutoSensitivityLabelPolicy"
    },
    "missingKeys": [
      "policyCount"
    ],
    "reasonCode": "MISSING_SIGNAL",
    "reasonDetail": "IPPSSession did not return policyCount."
  },
  "reasonCode": "MISSING_SIGNAL",
  "reasonDetail": "IPPSSession did not return policyCount.",
  "reason": "IPPSSession did not return policyCount.",
  "durationSeconds": 1.711
}