{
  "controlId": "MDOPhishingAction",
  "name": "Defender for Office 365: Action for phishing detection (Secure Score)",
  "category": "Apps",
  "tier": 1,
  "mode": "detect-only",
  "state": "DRIFTED",
  "reasonCode": "CUSTOM_DETECTOR_EVALUATED",
  "reasonDetail": "Evaluated via Exchange Online (Get-HostedContentFilterPolicy phishing action)",
  "details": {
    "policiesCount": 1,
    "policies": [
      {
        "PhishSpamAction": "MoveToJmf",
        "PhishingAction": null,
        "identity": "Default"
      }
    ],
    "cmdletsUsed": [
      "Get-HostedContentFilterPolicy"
    ],
    "errors": {},
    "reasonCode": "CUSTOM_DETECTOR_EVALUATED",
    "reasonDetail": "Evaluated via Exchange Online (Get-HostedContentFilterPolicy phishing action)"
  },
  "durationSeconds": 0.0
}