[
  {
    "id": "SigninRiskPolicy",
    "name": "Risky sign-in -> MFA",
    "tier": 1,
    "category": "Identity",
    "secureScoreControlIds": [
      "SigninRiskPolicy"
    ],
    "group": "Entra ID"
  },
  {
    "id": "UserRiskPolicy",
    "name": "Risky user -> MFA + password change",
    "tier": 1,
    "category": "Identity",
    "secureScoreControlIds": [
      "UserRiskPolicy"
    ],
    "group": "Entra ID"
  },
  {
    "id": "AdminMFAV2",
    "name": "Admins -> MFA",
    "tier": 1,
    "category": "Identity",
    "secureScoreControlIds": [
      "AdminMFAV2"
    ],
    "group": "Entra ID"
  },
  {
    "id": "DisableUserConsentToApps",
    "name": "Disable user consent to apps",
    "tier": 2,
    "category": "Identity",
    "approvalRequired": true,
    "detectOnly": true,
    "secureScoreControlIds": [
      "IntegratedApps"
    ],
    "group": "Entra ID"
  },
  {
    "id": "SelfServicePasswordReset",
    "name": "Enable SSPR for all users",
    "tier": 2,
    "category": "Identity",
    "approvalRequired": true,
    "detectOnly": false,
    "secureScoreControlIds": [
      "SelfServicePasswordReset"
    ],
    "group": "Entra ID"
  },
  {
    "id": "BlockLegacyAuthenticationPolicy",
    "name": "Block legacy authentication",
    "tier": 1,
    "category": "Identity",
    "secureScoreControlIds": [
      "BlockLegacyAuthentication"
    ],
    "group": "Entra ID"
  },
  {
    "id": "BlockLegacyAuthenticationStatus",
    "name": "Legacy authentication blocked (status check)",
    "tier": 1,
    "category": "Identity",
    "detectOnly": true,
    "secureScoreControlIds": [
      "BlockLegacyAuthentication"
    ],
    "group": "Entra ID"
  },
  {
    "id": "MDETamperProtectionStatus",
    "name": "Defender for Endpoint tamper protection enabled (status check)",
    "tier": 1,
    "category": "Endpoint",
    "detectOnly": true,
    "dataSource": "mde",
    "description": "Detect-only: checks whether tamper protection is enabled across endpoints (or at least reports whether the signal is available).",
    "group": "Defender for Endpoint"
  },

  {
    "id": "EXOSPFRecordsAllDomains",
    "name": "Exchange Online: SPF records published for all domains",
    "tier": 1,
    "category": "Email",
    "detectOnly": true,
    "secureScoreControlIds": [
      "exo_SPF_records_for_all_domains"
    ],
    "group": "Exchange Online"
  },
  {
    "id": "MDOAntiSpam",
    "name": "Defender for Office 365: Anti-spam configured",
    "category": "Email",
    "tier": 2,
    "detectOnly": true,
    "handler": "detect_anti_spam_status",
    "group": "Defender for Office 365"
  },
  {
    "id": "MDOAntiMalware",
    "name": "Defender for Office 365: Anti-malware configured",
    "category": "Email",
    "tier": 2,
    "detectOnly": true,
    "handler": "detect_anti_malware_status",
    "group": "Defender for Office 365"
  },
  {
    "id": "MDOPresetSecurityPolicies",
    "name": "Defender for Office 365: Preset security policies (Standard/Strict) enabled",
    "category": "Email",
    "tier": 2,
    "approvalRequired": true,
    "detectOnly": false,
    "group": "Defender for Office 365"
  },
  {
    "id": "EXODKIMEnabledAllDomains",
    "name": "Exchange Online: DKIM enabled for all custom domains",
    "category": "Email",
    "tier": 2,
    "detectOnly": true,
    "group": "Exchange Online"
  },
  {
    "id": "EXODMARCAllDomains",
    "name": "Email: DMARC record exists for all custom domains",
    "category": "Email",
    "tier": 2,
    "detectOnly": true,
    "group": "Exchange Online"
  },
  {
    "id": "CAAdminSignInFrequencySessionTimeout",
    "name": "Conditional Access: Admin sign-in frequency set + browser sessions not persistent (Secure Score)",
    "tier": 3,
    "category": "Identity",
    "detectOnly": false,
    "approvalRequired": true,
    "canCauseLockout": true,
    "requiresOnboardingDiscussion": true,
    "default_mode": "detect-only",
    "secureScoreControlIds": [
      "aad_sign_in_freq_session_timeout"
    ],
    "group": "Conditional Access"
  },
  {
    "id": "CAAdminPhishingResistantMFA",
    "name": "Conditional Access: Require phishing-resistant MFA strength for administrators (Secure Score)",
    "tier": 3,
    "canCauseLockout": true,
    "requiresOnboardingDiscussion": true,
    "default_mode": "detect-only",
    "category": "Identity",
    "detectOnly": false,
    "approvalRequired": true,
    "secureScoreControlIds": [
      "aad_phishing_MFA_strength"
    ],
    "group": "Conditional Access"
  },
  {
    "id": "PasswordProtection",
    "name": "Entra ID: Password protection enabled (Secure Score)",
    "tier": 2,
    "category": "Identity",
    "detectOnly": true,
    "approvalRequired": true,
    "secureScoreControlIds": [
      "aad_password_protection"
    ],
    "group": "Entra ID"
  },
  {
    "id": "CAAdminBlockLegacyAuth",
    "name": "Conditional Access: Block legacy authentication for admins (ATLAS-owned)",
    "tier": 1,
    "default_mode": "report-only",
    "approvalRequired": true,
    "detectOnly": false,
    "group": "Conditional Access"
  },
  {
    "id": "CAAllUsersBlockLegacyAuth",
    "name": "Conditional Access: Block legacy authentication for all users (ATLAS-owned)",
    "tier": 1,
    "default_mode": "report-only",
    "approvalRequired": true,
    "detectOnly": false,
    "group": "Conditional Access"
  },
  {
    "id": "CAAdminMFAAllApps",
    "name": "Conditional Access: Require MFA for admins across all apps (ATLAS-owned)",
    "tier": 1,
    "default_mode": "report-only",
    "approvalRequired": true,
    "detectOnly": false,
    "group": "Conditional Access"
  },
  {
    "id": "Tier3AuthMethodsReadiness",
    "name": "Tier 3 Readiness: Phishing-resistant MFA methods available (FIDO2 / WHfB) + TAP bootstrap",
    "tier": 3,
    "category": "Identity",
    "detectOnly": true,
    "approvalRequired": false,
    "canCauseLockout": false,
    "requiresOnboardingDiscussion": true,
    "default_mode": "detect-only",
    "secureScoreControlIds": [],
    "group": "Tier 3 Readiness"
  },
  {
    "id": "Tier3BreakGlassReadiness",
    "name": "Tier 3 Readiness: Break-glass accounts present and safe",
    "tier": 3,
    "category": "Identity",
    "detectOnly": true,
    "approvalRequired": false,
    "canCauseLockout": false,
    "requiresOnboardingDiscussion": true,
    "default_mode": "detect-only",
    "secureScoreControlIds": [],
    "group": "Tier 3 Readiness"
  },
  {
    "id": "CustomerLockboxEnabled",
    "name": "Microsoft 365: Customer Lockbox enabled (Secure Score)",
    "tier": 2,
    "category": "Apps",
    "detectOnly": true,
    "approvalRequired": false,
    "default_mode": "detect-only",
    "secureScoreControlIds": [
      "CustomerLockBoxEnabled"
    ],
    "group": "Apps"
  },
  {
    "id": "McasFirewallLogUpload",
    "name": "Defender for Cloud Apps: Firewall log upload configured (Secure Score)",
    "tier": 2,
    "category": "Apps",
    "detectOnly": true,
    "approvalRequired": false,
    "default_mode": "detect-only",
    "secureScoreControlIds": [
      "McasFirewallLogUpload"
    ],
    "group": "Defender for Cloud Apps"
  },
  {
    "id": "AdminAccountsSeparateCloudOnly",
    "name": "Entra ID: Separate cloud-only admin accounts (Secure Score)",
    "tier": 2,
    "category": "Identity",
    "detectOnly": true,
    "approvalRequired": false,
    "default_mode": "detect-only",
    "secureScoreControlIds": [
      "aad_admin_accounts_separate_unassigned_cloud_only"
    ],
    "group": "Entra ID"
  },
  {
    "id": "AdminConsentWorkflowEnabled",
    "name": "Entra ID: Admin consent workflow enabled (Secure Score)",
    "tier": 2,
    "category": "Identity",
    "detectOnly": true,
    "approvalRequired": false,
    "default_mode": "detect-only",
    "secureScoreControlIds": [
      "aad_admin_consent_workflow"
    ],
    "group": "Entra ID"
  },
  {
    "id": "LinkedInConnectionsDisabled",
    "name": "Entra ID: LinkedIn account connections disabled (Secure Score)",
    "tier": 1,
    "category": "Identity",
    "detectOnly": true,
    "approvalRequired": false,
    "default_mode": "detect-only",
    "secureScoreControlIds": [
      "aad_linkedin_connection_disables"
    ],
    "group": "Entra ID"
  },
  {
    "id": "ThirdPartyAppsRestricted",
    "name": "Entra ID: Third party integrated applications restricted (Secure Score)",
    "tier": 2,
    "category": "Identity",
    "detectOnly": true,
    "approvalRequired": false,
    "default_mode": "detect-only",
    "secureScoreControlIds": [
      "aad_third_party_apps"
    ],
    "group": "Entra ID"
  },
  {
    "id": "CustomBannedPasswords",
    "name": "Entra ID: Custom banned passwords list used (Secure Score)",
    "tier": 2,
    "category": "Identity",
    "detectOnly": true,
    "approvalRequired": false,
    "default_mode": "detect-only",
    "secureScoreControlIds": [
      "aad_custom_banned_passwords"
    ],
    "group": "Entra ID"
  },
  {
    "id": "LimitedAdminRolesAzureManagement",
    "name": "Entra ID: Microsoft Azure Management limited to admin roles (Secure Score)",
    "tier": 2,
    "category": "Identity",
    "detectOnly": true,
    "approvalRequired": false,
    "default_mode": "detect-only",
    "secureScoreControlIds": [
      "aad_limited_administrative_roles"
    ],
    "group": "Entra ID"
  },
  {
    "id": "PasswordProtectionOnPremGap",
    "name": "Entra ID: Password protection enabled for on-prem AD (Secure Score gap only)",
    "tier": 2,
    "category": "Identity",
    "detectOnly": true,
    "approvalRequired": false,
    "default_mode": "detect-only",
    "gapOnly": true,
    "secureScoreControlIds": [
      "aad_password_protection"
    ],
    "group": "Secure Score – Gap only"
  },
  {
    "id": "PhishingResistantMfaStrengthGap",
    "name": "Entra ID: Phishing-resistant MFA strength required for admins (Secure Score gap only)",
    "tier": 3,
    "category": "Identity",
    "detectOnly": true,
    "approvalRequired": false,
    "default_mode": "detect-only",
    "gapOnly": true,
    "requiresOnboardingDiscussion": true,
    "secureScoreControlIds": [
      "aad_phishing_MFA_strength"
    ],
    "group": "Secure Score – Gap only"
  },
  {
    "id": "GlobalAdminCountOptimised",
    "name": "Limit number of Global Administrators",
    "tier": 1,
    "category": "Identity",
    "default_mode": "detect-only",
    "detectOnly": true,
    "approvalRequired": false,
    "canCauseLockout": false,
    "requiresOnboardingDiscussion": false,
    "secureScoreControlIds": [
      "OneAdmin"
    ],
    "group": "Entra ID"
  },
  {
    "id": "AuditLogSearchEnabled",
    "name": "Enable unified audit log search",
    "tier": 1,
    "category": "M365",
    "default_mode": "detect-only",
    "detectOnly": true,
    "approvalRequired": false,
    "canCauseLockout": false,
    "requiresOnboardingDiscussion": false,
    "secureScoreControlIds": [
      "mip_search_auditlog"
    ],
    "group": "Other"
  },
  {
    "id": "MailboxAuditingEnabled",
    "name": "Ensure mailbox auditing is enabled for all users",
    "tier": 1,
    "category": "M365",
    "default_mode": "detect-only",
    "detectOnly": true,
    "approvalRequired": false,
    "canCauseLockout": false,
    "requiresOnboardingDiscussion": false,
    "secureScoreControlIds": [
      "exo_mailboxaudit"
    ],
    "group": "Other"
  },
  {
    "id": "RoleOverlap",
    "name": "Use least privileged administrative roles",
    "tier": 1,
    "category": "Identity",
    "detectOnly": true,
    "approvalRequired": false,
    "default_mode": "detect-only",
    "secureScoreControlIds": [
      "RoleOverlap"
    ],
    "group": "Entra ID"
  },
  {
    "id": "AdminOwnedAppsRestricted",
    "name": "Restrict user owned apps and services",
    "tier": 1,
    "category": "Apps",
    "detectOnly": true,
    "approvalRequired": false,
    "default_mode": "detect-only",
    "secureScoreControlIds": [
      "admincenter_owned_apps_and_services"
    ],
    "group": "Apps"
  },
  {
    "id": "IntegratedAppsRestricted",
    "name": "Restrict integrated applications access",
    "tier": 1,
    "category": "Identity",
    "detectOnly": true,
    "approvalRequired": false,
    "default_mode": "detect-only",
    "secureScoreControlIds": [
      "IntegratedApps"
    ],
    "group": "Entra ID"
  },
  
  {
    "id": "OneDriveBlockSyncUnmanagedDevices",
    "name": "OneDrive: Block sync from unmanaged devices (Secure Score)",
    "tier": 1,
    "category": "Apps",
    "detectOnly": true,
    "approvalRequired": false,
    "default_mode": "detect-only",
    "secureScoreControlIds": [
      "spo_block_onedrive_sync_unmanaged_devices"
    ],
    "group": "SharePoint / OneDrive"
  },

  {
    "id": "SwayBlockExternalSharing",
    "name": "Sway: Prevent sharing with people outside the organization (Secure Score)",
    "tier": 1,
    "category": "Apps",
    "detectOnly": true,
    "approvalRequired": false,
    "default_mode": "detect-only",
    "secureScoreControlIds": [
      "sway_block_sharing_with_outside_users"
    ],
    "group": "SharePoint / OneDrive"
  },
  {
    "id": "EXOMailTipsEnabled",
    "name": "Exchange Online: Ensure MailTips are enabled for end users (Secure Score)",
    "tier": 1,
    "category": "Email",
    "detectOnly": true,
    "approvalRequired": false,
    "default_mode": "detect-only",
    "secureScoreControlIds": [
      "exo_mailtipsenabled"
    ],
    "group": "Exchange Online"
  },
  {
    "id": "EXOOutlookAddinsBlocked",
    "name": "Exchange Online: Ensure users installing Outlook add-ins is not allowed (Secure Score)",
    "tier": 1,
    "category": "Email",
    "detectOnly": true,
    "approvalRequired": false,
    "default_mode": "detect-only",
    "secureScoreControlIds": [
      "exo_outlookaddins"
    ],
    "group": "Exchange Online"
  },
  {
    "id": "EXOStorageProvidersRestricted",
    "name": "Exchange Online: Restrict additional storage providers in Outlook on the web (Secure Score)",
    "tier": 1,
    "category": "Email",
    "detectOnly": true,
    "approvalRequired": false,
    "default_mode": "detect-only",
    "secureScoreControlIds": [
      "exo_storageproviderrestricted"
    ],
    "group": "Exchange Online"
  },
  {
    "id": "EXOCalendarExternalSharingDisabled",
    "name": "Exchange Online: Ensure external calendar sharing is not available (Secure Score)",
    "tier": 1,
    "category": "Email",
    "detectOnly": true,
    "approvalRequired": false,
    "default_mode": "detect-only",
    "secureScoreControlIds": [
      "exo_individualsharing"
    ],
    "group": "Exchange Online"
  },
  {
    "id": "OneDriveExternalSharingRestricted",
    "name": "OneDrive: External sharing restricted (Secure Score)",
    "tier": 2,
    "category": "Collaboration",
    "detectOnly": true,
    "secureScoreControlIds": [
      "onedrive_external_sharing_restricted"
    ],
    "group": "SharePoint / OneDrive"
  },
  {
    "id": "OneDriveSyncRestricted",
    "name": "OneDrive: Sync restricted to domain-joined devices (Secure Score)",
    "tier": 2,
    "category": "Collaboration",
    "detectOnly": true,
    "secureScoreControlIds": [
      "onedrive_sync_restricted"
    ],
    "group": "SharePoint / OneDrive"
  },
{
  "id": "PurviewAutoLabelingPolicies",
  "name": "Purview: Auto-labeling policies configured (Secure Score)",
  "tier": 2,
  "category": "Data",
  "default_mode": "detect-only",
  "detectOnly": true,
  "approvalRequired": false,
  "secureScoreControlIds": ["mip_autosensitivitylabelspolicies"],
  "group": "Microsoft Purview"
},
{
  "id": "PurviewLabelConsentDataMap",
  "name": "Purview: Sensitivity labeling extended to Purview data map assets (Secure Score)",
  "tier": 2,
  "category": "Data",
  "default_mode": "detect-only",
  "detectOnly": true,
  "approvalRequired": false,
  "secureScoreControlIds": ["mip_purviewlabelconsent"],
  "group": "Microsoft Purview"
},
{
  "id": "DefenderForIdentityDeployed",
  "name": "Defender for Identity: Sensors installed / deployment started (Secure Score)",
  "tier": 2,
  "category": "Identity",
  "default_mode": "detect-only",
  "detectOnly": true,
  "approvalRequired": false,
  "secureScoreControlIds": ["AATP_DefenderForIdentityIsNotInstalled"],
  "group": "Defender for Identity"
},
{
  "id": "MDOSafeLinks",
  "name": "Defender for Office 365: Safe Links enabled (status check)",
  "tier": 2,
  "category": "Email",
  "detectOnly": true,
  "approvalRequired": false,
  "dataSource": "mdo",
  "description": "Detect-only: checks whether Safe Links is configured (placeholder until MDO API wiring exists).",
  "group": "Defender for Office 365"
},
{
  "id": "MDOSafeAttachments",
  "name": "Defender for Office 365: Safe Attachments enabled (status check)",
  "tier": 2,
  "category": "Email",
  "detectOnly": true,
  "approvalRequired": false,
  "dataSource": "mdo",
  "description": "Detect-only: checks whether Safe Attachments is configured (placeholder until MDO API wiring exists).",
  "group": "Defender for Office 365"
},
{
  "id": "MDOAntiPhish",
  "name": "Defender for Office 365: Anti-phish configured (status check)",
  "tier": 2,
  "category": "Email",
  "detectOnly": true,
  "approvalRequired": false,
  "dataSource": "mdo",
  "description": "Detect-only: checks whether Anti-phish policies are configured (placeholder until MDO API wiring exists).",
  "group": "Defender for Office 365"
},
{
  "id": "MDOSafeDocumentsEnabled",
  "name": "Defender for Office 365: Turn on Safe Documents for Office clients (Secure Score)",
  "tier": 1,
  "category": "Email",
  "detectOnly": true,
  "approvalRequired": false,
  "default_mode": "detect-only",
  "secureScoreControlIds": [
    "mdo_safedocuments"
  ],
  "group": "Defender for Office 365"
},
{
  "id": "MDOTurnOnMDOForSPOODTeams",
  "name": "Defender for Office 365: Turn on MDO for SharePoint, OneDrive, and Teams (Secure Score)",
  "tier": 2,
  "category": "Apps",
  "default_mode": "detect-only",
  "detectOnly": true,
  "approvalRequired": false,
  "canCauseLockout": false,
  "requiresOnboardingDiscussion": false,
  "secureScoreControlIds": [
    "mdo_atpprotection"
  ],
  "group": "Defender for Office 365"
},
{
  "id": "MDOHighConfidenceSpamAction",
  "name": "Defender for Office 365: Action for high confidence spam (Secure Score)",
  "tier": 1,
  "category": "Apps",
  "default_mode": "detect-only",
  "detectOnly": true,
  "approvalRequired": false,
  "canCauseLockout": false,
  "requiresOnboardingDiscussion": false,
  "secureScoreControlIds": [
    "mdo_highconfidencespamaction"
  ],
  "group": "Defender for Office 365"
},
{
  "id": "MDOPhishingAction",
  "name": "Defender for Office 365: Action for phishing detection (Secure Score)",
  "tier": 1,
  "category": "Apps",
  "default_mode": "detect-only",
  "detectOnly": true,
  "approvalRequired": false,
  "canCauseLockout": false,
  "requiresOnboardingDiscussion": false,
  "secureScoreControlIds": [
    "mdo_highconfidencephishaction", "mdo_phisspamacation"
  ],
  "group": "Defender for Office 365"
},
{
  "id": "MDOBulkSpamAction",
  "name": "Defender for Office 365: Action for bulk spam detection (Secure Score)",
  "tier": 1,
  "category": "Apps",
  "default_mode": "detect-only",
  "detectOnly": true,
  "approvalRequired": false,
  "canCauseLockout": false,
  "requiresOnboardingDiscussion": false,
  "secureScoreControlIds": [
    "mdo_bulkspamaction"
  ],
  "group": "Defender for Office 365"
},
{
  "id": "MDOBulkComplaintLevelThreshold",
  "name": "Defender for Office 365: Set BCL threshold to 6 or lower (Secure Score)",
  "tier": 1,
  "category": "Apps",
  "default_mode": "detect-only",
  "detectOnly": true,
  "approvalRequired": false,
  "canCauseLockout": false,
  "requiresOnboardingDiscussion": false,
  "secureScoreControlIds": [
    "mdo_bulkcomplaintlevel", "mdo_bulkthreshold"
  ],
  "group": "Defender for Office 365"
},
{
  "id": "MDOThresholdReachedAction",
  "name": "Defender for Office 365: Block users who reached message limit (Secure Score)",
  "tier": 1,
  "category": "Apps",
  "default_mode": "detect-only",
  "detectOnly": true,
  "approvalRequired": false,
  "canCauseLockout": false,
  "requiresOnboardingDiscussion": false,
  "secureScoreControlIds": [
    "mdo_thresholdreachedaction"
  ],
  "group": "Defender for Office 365"
},
{
  "id": "MDOMailboxIntelligenceProtection",
  "name": "Defender for Office 365: Enable mailbox intelligence for impersonation protection (Secure Score)",
  "tier": 2,
  "category": "Apps",
  "default_mode": "detect-only",
  "detectOnly": true,
  "approvalRequired": false,
  "canCauseLockout": false,
  "requiresOnboardingDiscussion": false,
  "secureScoreControlIds": [
    "mdo_mailboxintelligenceprotection"
  ],
  "group": "Defender for Office 365"
},
{
  "id": "MDOQuarantineRetentionPeriod",
  "name": "Defender for Office 365: Quarantine retention period configured (Secure Score)",
  "tier": 1,
  "category": "Email",
  "detectOnly": true,
  "secureScoreControlIds": [
    "mdo_quarantineretentionperiod"
  ],
  "group": "Defender for Office 365"
},
{
  "id": "MDOAllowedSendersRestricted",
  "name": "Defender for Office 365: Allowed senders/domains not overly permissive (Secure Score)",
  "tier": 1,
  "category": "Email",
  "detectOnly": true,
  "secureScoreControlIds": [
    "mdo_allowedsenderscombined"
  ],
  "group": "Defender for Office 365"
},
{
  "id": "MDOSpamNotificationsAdminsOnly",
  "name": "Defender for Office 365: Spam notifications sent only to admins (Secure Score)",
  "tier": 1,
  "category": "Email",
  "detectOnly": true,
  "secureScoreControlIds": [
    "mdo_spam_notifications_only_for_admins"
  ],
  "group": "Defender for Office 365"
},
{
  "id": "MDOSafeLinksOfficeApps",
  "name": "Defender for Office 365: Safe Links enabled for Office applications (Secure Score)",
  "tier": 1,
  "category": "Email",
  "detectOnly": true,
  "secureScoreControlIds": [
    "mdo_safelinksforOfficeApps"
  ],
  "group": "Defender for Office 365"
},
{
  "id": "MDOAntiPhishingPoliciesTuned",
  "name": "Defender for Office 365: Anti-phishing policies tuned beyond defaults (Secure Score)",
  "tier": 2,
  "category": "Email",
  "detectOnly": true,
  "secureScoreControlIds": [
    "mdo_antiphishingpolicies"
  ],
  "group": "Defender for Office 365"
},
{
  "id": "MDOBlockAutoForwarding",
  "name": "Defender for Office 365: Automatic email forwarding blocked (Secure Score)",
  "tier": 2,
  "category": "Email",
  "detectOnly": true,
  "secureScoreControlIds": [
    "mdo_blockmailforward"
  ],
  "group": "Defender for Office 365"
},
{
  "id": "MDOMailboxIntelligenceActionsConfigured",
  "name": "Defender for Office 365: Mailbox intelligence actions configured (Secure Score)",
  "tier": 2,
  "category": "Email",
  "detectOnly": true,
  "secureScoreControlIds": [
    "mdo_mailboxintelligenceprotectionaction"
  ],
  "group": "Defender for Office 365"
},
{
  "id": "MDOTargetedUsersProtection",
  "name": "Defender for Office 365: Targeted user impersonation protection enabled (Secure Score)",
  "tier": 2,
  "category": "Email",
  "detectOnly": true,
  "secureScoreControlIds": [
    "mdo_targetedusersprotection"
  ],
  "group": "Defender for Office 365"
},
{
  "id": "MDOTargetedDomainProtection",
  "name": "Defender for Office 365: Targeted domain impersonation protection enabled (Secure Score)",
  "tier": 2,
  "category": "Email",
  "detectOnly": true,
  "secureScoreControlIds": [
    "mdo_enabledomainstoprotect"
  ],
  "group": "Defender for Office 365"
},
{
  "id": "MDOSafetyTipsEnabled",
  "name": "Defender for Office 365: Impersonation safety tips enabled (Secure Score)",
  "tier": 1,
  "category": "Email",
  "detectOnly": true,
  "secureScoreControlIds": [
    "mdo_similardomainssafetytips",
    "mdo_similaruserssafetytips",
    "mdo_unusualcharacterssafetytips"
  ],
  "group": "Defender for Office 365"
},
{
  "id": "MDOPhishThresholdLevel",
  "name": "Defender for Office 365: Phishing threshold level set to 2+ (Secure Score)",
  "tier": 2,
  "category": "Email",
  "default_mode": "detect-only",
  "detectOnly": true,
  "approvalRequired": false,
  "secureScoreControlIds": ["mdo_phishthresholdlevel"],
  "group": "Defender for Office 365"
},
{
  "id": "MDOTargetedDomainProtectionAction",
  "name": "Defender for Office 365: Targeted domain impersonation action quarantines (Secure Score)",
  "tier": 2,
  "category": "Email",
  "default_mode": "detect-only",
  "detectOnly": true,
  "approvalRequired": false,
  "secureScoreControlIds": ["mdo_targeteddomainprotectionaction"],
  "group": "Defender for Office 365"
},
{
  "id": "MDOTargetedUserProtectionAction",
  "name": "Defender for Office 365: Targeted user impersonation action quarantines (Secure Score)",
  "tier": 2,
  "category": "Email",
  "default_mode": "detect-only",
  "detectOnly": true,
  "approvalRequired": false,
  "secureScoreControlIds": ["mdo_targeteduserprotectionaction"],
  "group": "Defender for Office 365"
},
{
  "id": "TeamsExternalAccessRestricted",
  "name": "Teams: External access restricted (Secure Score)",
  "tier": 2,
  "category": "Collaboration",
  "detectOnly": true,
  "secureScoreControlIds": [
    "teams_external_access_restricted"
  ],
  "group": "Teams"
},
{
  "id": "TeamsFederationRestricted",
  "name": "Teams: Federation restricted to allowed domains (Secure Score)",
  "tier": 2,
  "category": "Collaboration",
  "detectOnly": true,
  "secureScoreControlIds": [
    "teams_federation_restricted"
  ],
  "group": "Teams"
},
{
  "id": "TeamsFileSharingRestricted",
  "name": "Teams: File sharing restricted (Secure Score)",
  "tier": 2,
  "category": "Collaboration",
  "detectOnly": true,
  "secureScoreControlIds": [
    "teams_file_sharing_restricted"
  ],
  "group": "Teams"
},
{
  "id": "TeamsRestrictAnonymousStartMeeting",
  "name": "Teams: Restrict anonymous users from starting meetings (Secure Score)",
  "tier": 1,
  "category": "Apps",
  "default_mode": "detect-only",
  "detectOnly": true,
  "approvalRequired": false,
  "canCauseLockout": false,
  "requiresOnboardingDiscussion": false,
  "secureScoreControlIds": [
    "meeting_anonymousstartmeeting_v1"
  ],
  "group": "Teams"
},
{
  "id": "TeamsRestrictAnonymousJoin",
  "name": "Teams: Restrict anonymous users from joining meetings (Secure Score)",
  "tier": 1,
  "category": "Apps",
  "detectOnly": true,
  "approvalRequired": false,
  "default_mode": "detect-only",
  "secureScoreControlIds": [
    "meeting_restrictanonymousjoin_v1"
  ],
  "group": "Teams"
},
{
  "id": "TeamsAutoAdmitInvitedOnly",
  "name": "Teams: Only invited users should be automatically admitted (Secure Score)",
  "tier": 1,
  "category": "Apps",
  "detectOnly": true,
  "approvalRequired": false,
  "default_mode": "detect-only",
  "secureScoreControlIds": [
    "meeting_autoadmitusers_v1"
  ],
  "group": "Teams"
},
{
  "id": "TeamsDesignatedPresenterConfigured",
  "name": "Teams: Configure which users are allowed to present (Secure Score)",
  "tier": 1,
  "category": "Apps",
  "detectOnly": true,
  "approvalRequired": false,
  "default_mode": "detect-only",
  "secureScoreControlIds": [
    "meeting_designatedpresenter_v1"
  ],
  "group": "Teams"
},
{
  "id": "TeamsRestrictDialInBypassLobby",
  "name": "Teams: Restrict dial-in users from bypassing lobby (Secure Score)",
  "tier": 1,
  "category": "Apps",
  "detectOnly": true,
  "approvalRequired": false,
  "default_mode": "detect-only",
  "secureScoreControlIds": [
    "meeting_pstnusersbypasslobby_v1"
  ],
  "group": "Teams"
},
{
  "id": "TeamsLimitExternalControl",
  "name": "Teams: Limit external participants from having control (Secure Score)",
  "tier": 1,
  "category": "Apps",
  "detectOnly": true,
  "approvalRequired": false,
  "default_mode": "detect-only",
  "secureScoreControlIds": [
    "meeting_externalrequestcontrol_v1"
  ],
  "group": "Teams"
},
{
  "id": "SharePointDefaultSharingRestricted",
  "name": "SharePoint: Default sharing permissions restricted (Secure Score)",
  "tier": 2,
  "category": "Collaboration",
  "detectOnly": true,
  "secureScoreControlIds": [
    "spo_default_sharing_permissions"
  ],
  "group": "SharePoint / OneDrive"
},
{
  "id": "SharePointLinkExpirationConfigured",
  "name": "SharePoint: Anonymous link expiration configured (Secure Score)",
  "tier": 1,
  "category": "Collaboration",
  "detectOnly": true,
  "secureScoreControlIds": [
    "spo_anonymous_link_expiration"
  ],
  "group": "SharePoint / OneDrive"
},
{
  "id": "SharePointDefaultLinkTypeRestricted",
  "name": "SharePoint: Default link type restricted (Secure Score)",
  "tier": 1,
  "category": "Collaboration",
  "detectOnly": true,
  "secureScoreControlIds": [
    "spo_default_link_type"
  ],
  "group": "SharePoint / OneDrive"
},
{
  "id": "SharePointExternalSharingManaged",
  "name": "SharePoint: External sharing managed via domain allow/deny list (Secure Score)",
  "tier": 1,
  "category": "Apps",
  "detectOnly": true,
  "approvalRequired": false,
  "default_mode": "detect-only",
  "secureScoreControlIds": [
    "spo_external_sharing_managed"
  ],
  "group": "SharePoint / OneDrive"
},
{
  "id": "SharePointGuestUsersCannotReshare",
  "name": "SharePoint: Guest users cannot share items they don't own (Secure Score)",
  "tier": 1,
  "category": "Apps",
  "detectOnly": true,
  "approvalRequired": false,
  "default_mode": "detect-only",
  "secureScoreControlIds": [
    "spo_external_users_sharing"
  ],
  "group": "SharePoint / OneDrive"
},
{
  "id": "SharePointIdleSessionTimeout",
  "name": "Sign out inactive users in SharePoint Online",
  "tier": 1,
  "category": "Apps",
  "detectOnly": true,
  "approvalRequired": false,
  "default_mode": "detect-only",
  "secureScoreControlIds": [
    "spo_idle_session_timeout"
  ],
  "group": "SharePoint / OneDrive"
},
{
  "id": "SharePointModernAuthRequired",
  "name": "Require modern authentication for SharePoint applications",
  "tier": 1,
  "category": "Apps",
  "detectOnly": true,
  "approvalRequired": false,
  "default_mode": "detect-only",
  "secureScoreControlIds": [
    "spo_legacy_auth"
  ],
  "group": "SharePoint / OneDrive"
},
{
  "id": "SharePointDomainRestrictionConfigured",
  "name": "SharePoint: Domain restriction mode configured (allow/block list)",
  "tier": 2,
  "category": "SharePoint",
  "default_mode": "detect-only",
  "detectOnly": false,
  "gapOnly": false,
  "secureScoreControlIds": []
},
{
  "id": "SharePointSharingAllowedDomainListConfigured",
  "name": "SharePoint: Allowed domain list configured (when allow-list mode is enabled)",
  "tier": 2,
  "category": "SharePoint",
  "default_mode": "detect-only",
  "detectOnly": false,
  "gapOnly": false,
  "secureScoreControlIds": []
},
{
  "id": "SharePointSharingBlockedDomainListConfigured",
  "name": "SharePoint: Blocked domain list configured (when block-list mode is enabled)",
  "tier": 2,
  "category": "SharePoint",
  "default_mode": "detect-only",
  "detectOnly": false,
  "gapOnly": false,
  "secureScoreControlIds": []
},
{
  "id": "SharePointPreventExternalUsersFromResharingEnabled",
  "name": "SharePoint: Prevent external users from resharing is enabled",
  "tier": 2,
  "category": "SharePoint",
  "default_mode": "detect-only",
  "detectOnly": false,
  "gapOnly": false,
  "secureScoreControlIds": []
}
]
