{
  "tenant": "example",
  "generatedAt": "2026-01-13_10-55-24",
  "count": 92,
  "rows": [
    {
      "controlId": "SigninRiskPolicy",
      "controlName": null,
      "category": null,
      "tier": null,
      "mode": "report-only",
      "state": null,
      "reasonCode": null,
      "durationSeconds": 0.437
    },
    {
      "controlId": "UserRiskPolicy",
      "controlName": null,
      "category": null,
      "tier": null,
      "mode": "report-only",
      "state": null,
      "reasonCode": null,
      "durationSeconds": 0.405
    },
    {
      "controlId": "AdminMFAV2",
      "controlName": null,
      "category": null,
      "tier": null,
      "mode": "report-only",
      "state": null,
      "reasonCode": null,
      "durationSeconds": 0.416
    },
    {
      "controlId": "DisableUserConsentToApps",
      "controlName": null,
      "category": null,
      "tier": null,
      "mode": "detect-only",
      "state": "COMPLIANT",
      "reasonCode": null,
      "durationSeconds": 0.815
    },
    {
      "controlId": "SelfServicePasswordReset",
      "controlName": null,
      "category": null,
      "tier": null,
      "mode": "report-only",
      "state": "DRIFTED",
      "reasonCode": null,
      "durationSeconds": 0.591
    },
    {
      "controlId": "BlockLegacyAuthenticationPolicy",
      "controlName": null,
      "category": null,
      "tier": null,
      "mode": "report-only",
      "state": "DRIFTED",
      "reasonCode": null,
      "durationSeconds": 0.368
    },
    {
      "controlId": "BlockLegacyAuthenticationStatus",
      "controlName": null,
      "category": null,
      "tier": null,
      "mode": "detect-only",
      "state": "COMPLIANT",
      "reasonCode": null,
      "durationSeconds": 0.795
    },
    {
      "controlId": "MDETamperProtectionStatus",
      "controlName": null,
      "category": null,
      "tier": null,
      "mode": "detect-only",
      "state": "DRIFTED",
      "reasonCode": null,
      "durationSeconds": 0.002
    },
    {
      "controlId": "EXOSPFRecordsAllDomains",
      "controlName": "Exchange Online: SPF records published for all domains",
      "category": "Email",
      "tier": 1,
      "mode": "report-only",
      "state": "COMPLIANT",
      "reasonCode": "CUSTOM_DETECTOR_EVALUATED",
      "durationSeconds": 0.433
    },
    {
      "controlId": "MDOAntiSpam",
      "controlName": null,
      "category": null,
      "tier": null,
      "mode": "report-only",
      "state": null,
      "reasonCode": null,
      "durationSeconds": 0.0
    },
    {
      "controlId": "MDOAntiMalware",
      "controlName": null,
      "category": null,
      "tier": null,
      "mode": "report-only",
      "state": null,
      "reasonCode": null,
      "durationSeconds": 0.0
    },
    {
      "controlId": "MDOPresetSecurityPolicies",
      "controlName": null,
      "category": null,
      "tier": null,
      "mode": "enforce",
      "state": "NOT_EVALUATED",
      "reasonCode": null,
      "durationSeconds": 0.001
    },
    {
      "controlId": "EXODKIMEnabledAllDomains",
      "controlName": null,
      "category": null,
      "tier": null,
      "mode": "report-only",
      "state": null,
      "reasonCode": null,
      "durationSeconds": 0.0
    },
    {
      "controlId": "EXODMARCAllDomains",
      "controlName": null,
      "category": null,
      "tier": null,
      "mode": "report-only",
      "state": null,
      "reasonCode": null,
      "durationSeconds": 0.0
    },
    {
      "controlId": "CAAdminSignInFrequencySessionTimeout",
      "controlName": null,
      "category": null,
      "tier": null,
      "mode": "detect-only",
      "state": "DRIFTED",
      "reasonCode": null,
      "durationSeconds": 0.368
    },
    {
      "controlId": "CAAdminPhishingResistantMFA",
      "controlName": null,
      "category": null,
      "tier": null,
      "mode": "detect-only",
      "state": "DRIFTED",
      "reasonCode": null,
      "durationSeconds": 0.884
    },
    {
      "controlId": "PasswordProtection",
      "controlName": null,
      "category": null,
      "tier": null,
      "mode": "report-only",
      "state": null,
      "reasonCode": null,
      "durationSeconds": 0.0
    },
    {
      "controlId": "CAAdminBlockLegacyAuth",
      "controlName": null,
      "category": null,
      "tier": null,
      "mode": "enforce",
      "state": null,
      "reasonCode": null,
      "durationSeconds": 0.82
    },
    {
      "controlId": "CAAllUsersBlockLegacyAuth",
      "controlName": null,
      "category": null,
      "tier": null,
      "mode": "enforce",
      "state": null,
      "reasonCode": null,
      "durationSeconds": 0.785
    },
    {
      "controlId": "CAAdminMFAAllApps",
      "controlName": null,
      "category": null,
      "tier": null,
      "mode": "enforce",
      "state": "COMPLIANT",
      "reasonCode": null,
      "durationSeconds": 0.784
    },
    {
      "controlId": "Tier3AuthMethodsReadiness",
      "controlName": null,
      "category": null,
      "tier": null,
      "mode": "detect-only",
      "state": "DRIFTED",
      "reasonCode": null,
      "durationSeconds": 0.532
    },
    {
      "controlId": "Tier3BreakGlassReadiness",
      "controlName": null,
      "category": null,
      "tier": null,
      "mode": "detect-only",
      "state": "DRIFTED",
      "reasonCode": null,
      "durationSeconds": 0.703
    },
    {
      "controlId": "CustomerLockboxEnabled",
      "controlName": null,
      "category": null,
      "tier": null,
      "mode": "detect-only",
      "state": "DRIFTED",
      "reasonCode": "CUSTOM_DETECTOR_EVALUATED",
      "durationSeconds": 0.0
    },
    {
      "controlId": "McasFirewallLogUpload",
      "controlName": null,
      "category": null,
      "tier": null,
      "mode": "detect-only",
      "state": "COMPLIANT",
      "reasonCode": "CUSTOM_DETECTOR_EVALUATED",
      "durationSeconds": 0.914
    },
    {
      "controlId": "AdminAccountsSeparateCloudOnly",
      "controlName": null,
      "category": null,
      "tier": null,
      "mode": "detect-only",
      "state": "NOT_EVALUATED",
      "reasonCode": null,
      "durationSeconds": 0.686
    },
    {
      "controlId": "AdminConsentWorkflowEnabled",
      "controlName": null,
      "category": null,
      "tier": null,
      "mode": "detect-only",
      "state": "DRIFTED",
      "reasonCode": null,
      "durationSeconds": 0.76
    },
    {
      "controlId": "LinkedInConnectionsDisabled",
      "controlName": null,
      "category": null,
      "tier": null,
      "mode": "detect-only",
      "state": "DRIFTED",
      "reasonCode": "DETECT_ONLY_EVALUATED",
      "durationSeconds": 0.0
    },
    {
      "controlId": "ThirdPartyAppsRestricted",
      "controlName": null,
      "category": null,
      "tier": null,
      "mode": "detect-only",
      "state": "COMPLIANT",
      "reasonCode": null,
      "durationSeconds": 0.33
    },
    {
      "controlId": "CustomBannedPasswords",
      "controlName": null,
      "category": null,
      "tier": null,
      "mode": "detect-only",
      "state": "DRIFTED",
      "reasonCode": "DETECT_ONLY_EVALUATED",
      "durationSeconds": 0.0
    },
    {
      "controlId": "LimitedAdminRolesAzureManagement",
      "controlName": null,
      "category": null,
      "tier": null,
      "mode": "detect-only",
      "state": "DRIFTED",
      "reasonCode": null,
      "durationSeconds": 0.339
    },
    {
      "controlId": "PasswordProtectionOnPremGap",
      "controlName": null,
      "category": null,
      "tier": null,
      "mode": "detect-only",
      "state": "DRIFTED",
      "reasonCode": "DETECT_ONLY_EVALUATED",
      "durationSeconds": 0.0
    },
    {
      "controlId": "PhishingResistantMfaStrengthGap",
      "controlName": null,
      "category": null,
      "tier": null,
      "mode": "detect-only",
      "state": "DRIFTED",
      "reasonCode": "DETECT_ONLY_EVALUATED",
      "durationSeconds": 0.0
    },
    {
      "controlId": "GlobalAdminCountOptimised",
      "controlName": null,
      "category": null,
      "tier": null,
      "mode": "detect-only",
      "state": "COMPLIANT",
      "reasonCode": null,
      "durationSeconds": 0.714
    },
    {
      "controlId": "AuditLogSearchEnabled",
      "controlName": null,
      "category": null,
      "tier": null,
      "mode": "detect-only",
      "state": "DRIFTED",
      "reasonCode": "CUSTOM_DETECTOR_EVALUATED",
      "durationSeconds": 0.0
    },
    {
      "controlId": "MailboxAuditingEnabled",
      "controlName": null,
      "category": null,
      "tier": null,
      "mode": "detect-only",
      "state": "DRIFTED",
      "reasonCode": "CUSTOM_DETECTOR_EVALUATED",
      "durationSeconds": 0.0
    },
    {
      "controlId": "RoleOverlap",
      "controlName": null,
      "category": null,
      "tier": null,
      "mode": "detect-only",
      "state": "COMPLIANT",
      "reasonCode": null,
      "durationSeconds": 1.061
    },
    {
      "controlId": "AdminOwnedAppsRestricted",
      "controlName": null,
      "category": null,
      "tier": null,
      "mode": "detect-only",
      "state": "DRIFTED",
      "reasonCode": "DETECT_ONLY_EVALUATED",
      "durationSeconds": 0.0
    },
    {
      "controlId": "IntegratedAppsRestricted",
      "controlName": null,
      "category": null,
      "tier": null,
      "mode": "detect-only",
      "state": "COMPLIANT",
      "reasonCode": null,
      "durationSeconds": 0.345
    },
    {
      "controlId": "OneDriveBlockSyncUnmanagedDevices",
      "controlName": null,
      "category": null,
      "tier": null,
      "mode": "detect-only",
      "state": "DRIFTED",
      "reasonCode": "CUSTOM_DETECTOR_EVALUATED",
      "durationSeconds": 2.331
    },
    {
      "controlId": "SwayBlockExternalSharing",
      "controlName": null,
      "category": null,
      "tier": null,
      "mode": "detect-only",
      "state": "NOT_EVALUATED",
      "reasonCode": "AUTH_FORBIDDEN",
      "durationSeconds": 3.638
    },
    {
      "controlId": "EXOMailTipsEnabled",
      "controlName": null,
      "category": null,
      "tier": null,
      "mode": "detect-only",
      "state": "COMPLIANT",
      "reasonCode": "CUSTOM_DETECTOR_EVALUATED",
      "durationSeconds": 0.0
    },
    {
      "controlId": "EXOOutlookAddinsBlocked",
      "controlName": "Exchange Online: Ensure users installing Outlook add-ins is not allowed (Secure Score)",
      "category": "Email",
      "tier": 1,
      "mode": "detect-only",
      "state": "DRIFTED",
      "reasonCode": "CUSTOM_DETECTOR_EVALUATED",
      "durationSeconds": 0.0
    },
    {
      "controlId": "EXOStorageProvidersRestricted",
      "controlName": null,
      "category": null,
      "tier": null,
      "mode": "detect-only",
      "state": "DRIFTED",
      "reasonCode": "CUSTOM_DETECTOR_EVALUATED",
      "durationSeconds": 0.0
    },
    {
      "controlId": "EXOCalendarExternalSharingDisabled",
      "controlName": "Exchange Online: Ensure external calendar sharing is not available (Secure Score)",
      "category": "Email",
      "tier": 1,
      "mode": "detect-only",
      "state": "DRIFTED",
      "reasonCode": "CUSTOM_DETECTOR_EVALUATED",
      "durationSeconds": 0.0
    },
    {
      "controlId": "OneDriveExternalSharingRestricted",
      "controlName": null,
      "category": null,
      "tier": null,
      "mode": "report-only",
      "state": null,
      "reasonCode": null,
      "durationSeconds": 0.0
    },
    {
      "controlId": "OneDriveSyncRestricted",
      "controlName": null,
      "category": null,
      "tier": null,
      "mode": "report-only",
      "state": null,
      "reasonCode": null,
      "durationSeconds": 0.0
    },
    {
      "controlId": "PurviewAutoLabelingPolicies",
      "controlName": null,
      "category": null,
      "tier": null,
      "mode": "detect-only",
      "state": "NOT_EVALUATED",
      "reasonCode": "MISSING_SIGNAL",
      "durationSeconds": 1.691
    },
    {
      "controlId": "PurviewLabelConsentDataMap",
      "controlName": null,
      "category": null,
      "tier": null,
      "mode": "detect-only",
      "state": "NOT_EVALUATED",
      "reasonCode": "INSUFFICIENT_SIGNAL",
      "durationSeconds": 1.703
    },
    {
      "controlId": "DefenderForIdentityDeployed",
      "controlName": null,
      "category": null,
      "tier": null,
      "mode": "detect-only",
      "state": "NOT_EVALUATED",
      "reasonCode": "AUTH_FORBIDDEN",
      "durationSeconds": 0.969
    },
    {
      "controlId": "MDOSafeLinks",
      "controlName": null,
      "category": null,
      "tier": null,
      "mode": "report-only",
      "state": null,
      "reasonCode": null,
      "durationSeconds": 0.0
    },
    {
      "controlId": "MDOSafeAttachments",
      "controlName": null,
      "category": null,
      "tier": null,
      "mode": "report-only",
      "state": null,
      "reasonCode": null,
      "durationSeconds": 0.0
    },
    {
      "controlId": "MDOAntiPhish",
      "controlName": null,
      "category": null,
      "tier": null,
      "mode": "report-only",
      "state": null,
      "reasonCode": null,
      "durationSeconds": 0.0
    },
    {
      "controlId": "MDOSafeDocumentsEnabled",
      "controlName": "Defender for Office 365: Turn on Safe Documents for Office clients (Secure Score)",
      "category": "Email",
      "tier": 1,
      "mode": "detect-only",
      "state": "DRIFTED",
      "reasonCode": "CUSTOM_DETECTOR_EVALUATED",
      "durationSeconds": 0.0
    },
    {
      "controlId": "MDOTurnOnMDOForSPOODTeams",
      "controlName": "Defender for Office 365: Turn on MDO for SharePoint, OneDrive, and Teams (Secure Score)",
      "category": "Apps",
      "tier": 2,
      "mode": "detect-only",
      "state": "DRIFTED",
      "reasonCode": "CUSTOM_DETECTOR_EVALUATED",
      "durationSeconds": 0.0
    },
    {
      "controlId": "MDOHighConfidenceSpamAction",
      "controlName": "Defender for Office 365: Action for high confidence spam (Secure Score)",
      "category": "Apps",
      "tier": 1,
      "mode": "detect-only",
      "state": "DRIFTED",
      "reasonCode": "CUSTOM_DETECTOR_EVALUATED",
      "durationSeconds": 0.0
    },
    {
      "controlId": "MDOPhishingAction",
      "controlName": "Defender for Office 365: Action for phishing detection (Secure Score)",
      "category": "Apps",
      "tier": 1,
      "mode": "detect-only",
      "state": "DRIFTED",
      "reasonCode": "CUSTOM_DETECTOR_EVALUATED",
      "durationSeconds": 0.0
    },
    {
      "controlId": "MDOBulkSpamAction",
      "controlName": "Defender for Office 365: Action for bulk spam detection (Secure Score)",
      "category": "Apps",
      "tier": 1,
      "mode": "detect-only",
      "state": "COMPLIANT",
      "reasonCode": "CUSTOM_DETECTOR_EVALUATED",
      "durationSeconds": 0.0
    },
    {
      "controlId": "MDOBulkComplaintLevelThreshold",
      "controlName": "Defender for Office 365: Set BCL threshold to 6 or lower (Secure Score)",
      "category": "Apps",
      "tier": 1,
      "mode": "detect-only",
      "state": "DRIFTED",
      "reasonCode": "CUSTOM_DETECTOR_EVALUATED",
      "durationSeconds": 0.0
    },
    {
      "controlId": "MDOThresholdReachedAction",
      "controlName": "Defender for Office 365: Block users who reached message limit (Secure Score)",
      "category": "Apps",
      "tier": 1,
      "mode": "detect-only",
      "state": "COMPLIANT",
      "reasonCode": "CUSTOM_DETECTOR_EVALUATED",
      "durationSeconds": 0.0
    },
    {
      "controlId": "MDOMailboxIntelligenceProtection",
      "controlName": "Defender for Office 365: Enable mailbox intelligence for impersonation protection (Secure Score)",
      "category": "Apps",
      "tier": 2,
      "mode": "detect-only",
      "state": "DRIFTED",
      "reasonCode": "CUSTOM_DETECTOR_EVALUATED",
      "durationSeconds": 0.0
    },
    {
      "controlId": "MDOQuarantineRetentionPeriod",
      "controlName": "Defender for Office 365: Quarantine retention period configured (Secure Score)",
      "category": "Email",
      "tier": 1,
      "mode": "report-only",
      "state": "DRIFTED",
      "reasonCode": "CUSTOM_DETECTOR_EVALUATED",
      "durationSeconds": 0.0
    },
    {
      "controlId": "MDOAllowedSendersRestricted",
      "controlName": "Defender for Office 365: Allowed senders/domains not overly permissive (Secure Score)",
      "category": "Email",
      "tier": 1,
      "mode": "report-only",
      "state": "COMPLIANT",
      "reasonCode": "CUSTOM_DETECTOR_EVALUATED",
      "durationSeconds": 0.0
    },
    {
      "controlId": "MDOSpamNotificationsAdminsOnly",
      "controlName": "Defender for Office 365: Spam notifications sent only to admins (Secure Score)",
      "category": "Email",
      "tier": 1,
      "mode": "report-only",
      "state": "NOT_EVALUATED",
      "reasonCode": "MISSING_DATA",
      "durationSeconds": 0.0
    },
    {
      "controlId": "MDOSafeLinksOfficeApps",
      "controlName": "Defender for Office 365: Safe Links enabled for Office applications (Secure Score)",
      "category": "Email",
      "tier": 1,
      "mode": "report-only",
      "state": "COMPLIANT",
      "reasonCode": "CUSTOM_DETECTOR_EVALUATED",
      "durationSeconds": 0.0
    },
    {
      "controlId": "MDOAntiPhishingPoliciesTuned",
      "controlName": null,
      "category": null,
      "tier": null,
      "mode": "report-only",
      "state": null,
      "reasonCode": null,
      "durationSeconds": 0.0
    },
    {
      "controlId": "MDOBlockAutoForwarding",
      "controlName": null,
      "category": null,
      "tier": null,
      "mode": "report-only",
      "state": null,
      "reasonCode": null,
      "durationSeconds": 0.0
    },
    {
      "controlId": "MDOMailboxIntelligenceActionsConfigured",
      "controlName": null,
      "category": null,
      "tier": null,
      "mode": "report-only",
      "state": null,
      "reasonCode": null,
      "durationSeconds": 0.0
    },
    {
      "controlId": "MDOTargetedUsersProtection",
      "controlName": null,
      "category": null,
      "tier": null,
      "mode": "report-only",
      "state": null,
      "reasonCode": null,
      "durationSeconds": 0.0
    },
    {
      "controlId": "MDOTargetedDomainProtection",
      "controlName": null,
      "category": null,
      "tier": null,
      "mode": "report-only",
      "state": null,
      "reasonCode": null,
      "durationSeconds": 0.0
    },
    {
      "controlId": "MDOSafetyTipsEnabled",
      "controlName": "Defender for Office 365: Impersonation safety tips enabled (Secure Score)",
      "category": "Email",
      "tier": 1,
      "mode": "report-only",
      "state": "DRIFTED",
      "reasonCode": "CUSTOM_DETECTOR_EVALUATED",
      "durationSeconds": 0.0
    },
    {
      "controlId": "MDOPhishThresholdLevel",
      "controlName": "Defender for Office 365: Phishing threshold level set to 2+ (Secure Score)",
      "category": "Email",
      "tier": 2,
      "mode": "detect-only",
      "state": "DRIFTED",
      "reasonCode": "CUSTOM_DETECTOR_EVALUATED",
      "durationSeconds": 0.0
    },
    {
      "controlId": "MDOTargetedDomainProtectionAction",
      "controlName": "Defender for Office 365: Targeted domain impersonation action quarantines (Secure Score)",
      "category": "Email",
      "tier": 2,
      "mode": "detect-only",
      "state": "DRIFTED",
      "reasonCode": "CUSTOM_DETECTOR_EVALUATED",
      "durationSeconds": 0.0
    },
    {
      "controlId": "MDOTargetedUserProtectionAction",
      "controlName": "Defender for Office 365: Targeted user impersonation action quarantines (Secure Score)",
      "category": "Email",
      "tier": 2,
      "mode": "detect-only",
      "state": "DRIFTED",
      "reasonCode": "CUSTOM_DETECTOR_EVALUATED",
      "durationSeconds": 0.0
    },
    {
      "controlId": "TeamsExternalAccessRestricted",
      "controlName": null,
      "category": null,
      "tier": null,
      "mode": "report-only",
      "state": null,
      "reasonCode": null,
      "durationSeconds": 0.0
    },
    {
      "controlId": "TeamsFederationRestricted",
      "controlName": null,
      "category": null,
      "tier": null,
      "mode": "report-only",
      "state": null,
      "reasonCode": null,
      "durationSeconds": 0.0
    },
    {
      "controlId": "TeamsFileSharingRestricted",
      "controlName": null,
      "category": null,
      "tier": null,
      "mode": "report-only",
      "state": null,
      "reasonCode": null,
      "durationSeconds": 0.0
    },
    {
      "controlId": "TeamsRestrictAnonymousStartMeeting",
      "controlName": null,
      "category": null,
      "tier": null,
      "mode": "detect-only",
      "state": "COMPLIANT",
      "reasonCode": "CUSTOM_DETECTOR_EVALUATED",
      "durationSeconds": 4.719
    },
    {
      "controlId": "TeamsRestrictAnonymousJoin",
      "controlName": null,
      "category": null,
      "tier": null,
      "mode": "detect-only",
      "state": "DRIFTED",
      "reasonCode": "CUSTOM_DETECTOR_EVALUATED",
      "durationSeconds": 0.0
    },
    {
      "controlId": "TeamsAutoAdmitInvitedOnly",
      "controlName": null,
      "category": null,
      "tier": null,
      "mode": "detect-only",
      "state": "DRIFTED",
      "reasonCode": "CUSTOM_DETECTOR_EVALUATED",
      "durationSeconds": 0.0
    },
    {
      "controlId": "TeamsDesignatedPresenterConfigured",
      "controlName": null,
      "category": null,
      "tier": null,
      "mode": "detect-only",
      "state": "DRIFTED",
      "reasonCode": "CUSTOM_DETECTOR_EVALUATED",
      "durationSeconds": 0.0
    },
    {
      "controlId": "TeamsRestrictDialInBypassLobby",
      "controlName": null,
      "category": null,
      "tier": null,
      "mode": "detect-only",
      "state": "COMPLIANT",
      "reasonCode": "CUSTOM_DETECTOR_EVALUATED",
      "durationSeconds": 0.0
    },
    {
      "controlId": "TeamsLimitExternalControl",
      "controlName": null,
      "category": null,
      "tier": null,
      "mode": "detect-only",
      "state": "COMPLIANT",
      "reasonCode": "CUSTOM_DETECTOR_EVALUATED",
      "durationSeconds": 0.0
    },
    {
      "controlId": "SharePointDefaultSharingRestricted",
      "controlName": null,
      "category": null,
      "tier": null,
      "mode": "report-only",
      "state": null,
      "reasonCode": null,
      "durationSeconds": 0.0
    },
    {
      "controlId": "SharePointLinkExpirationConfigured",
      "controlName": null,
      "category": null,
      "tier": null,
      "mode": "report-only",
      "state": "DRIFTED",
      "reasonCode": "FALLBACK_DETECTOR_EVALUATED",
      "durationSeconds": 0.0
    },
    {
      "controlId": "SharePointDefaultLinkTypeRestricted",
      "controlName": null,
      "category": null,
      "tier": null,
      "mode": "report-only",
      "state": "DRIFTED",
      "reasonCode": "FALLBACK_DETECTOR_EVALUATED",
      "durationSeconds": 0.0
    },
    {
      "controlId": "SharePointExternalSharingManaged",
      "controlName": null,
      "category": null,
      "tier": null,
      "mode": "detect-only",
      "state": "DRIFTED",
      "reasonCode": "FALLBACK_DETECTOR_EVALUATED",
      "durationSeconds": 0.0
    },
    {
      "controlId": "SharePointGuestUsersCannotReshare",
      "controlName": null,
      "category": null,
      "tier": null,
      "mode": "detect-only",
      "state": "DRIFTED",
      "reasonCode": "CUSTOM_DETECTOR_EVALUATED",
      "durationSeconds": 0.0
    },
    {
      "controlId": "SharePointIdleSessionTimeout",
      "controlName": null,
      "category": null,
      "tier": null,
      "mode": "detect-only",
      "state": "DRIFTED",
      "reasonCode": "FALLBACK_DETECTOR_EVALUATED",
      "durationSeconds": 0.0
    },
    {
      "controlId": "SharePointModernAuthRequired",
      "controlName": null,
      "category": null,
      "tier": null,
      "mode": "detect-only",
      "state": "DRIFTED",
      "reasonCode": "FALLBACK_DETECTOR_EVALUATED",
      "durationSeconds": 0.0
    },
    {
      "controlId": "SharePointDomainRestrictionConfigured",
      "controlName": null,
      "category": null,
      "tier": null,
      "mode": "detect-only",
      "state": "NOT_EVALUATED",
      "reasonCode": "UNSUPPORTED_MODE",
      "durationSeconds": 2.181
    },
    {
      "controlId": "SharePointSharingAllowedDomainListConfigured",
      "controlName": null,
      "category": null,
      "tier": null,
      "mode": "detect-only",
      "state": "NOT_EVALUATED",
      "reasonCode": "UNSUPPORTED_MODE",
      "durationSeconds": 2.219
    },
    {
      "controlId": "SharePointSharingBlockedDomainListConfigured",
      "controlName": null,
      "category": null,
      "tier": null,
      "mode": "detect-only",
      "state": "NOT_EVALUATED",
      "reasonCode": "UNSUPPORTED_MODE",
      "durationSeconds": 1.786
    }
  ]
}