{
  "tenant": "example",
  "controlId": "SigninRiskPolicy",
  "action": "ensure_skipped_no_drift",
  "displayName": "ATLAS - Risky Sign-in MFA (Report Only)",
  "approved": false,
  "mode": "report-only",
  "status": 200,
  "policyId": "d56c99a6-2fe2-4905-9b97-3552bd8bb0e0",
  "details": {
    "reasonCode": "REPORT_ONLY_EVALUATED",
    "reasonDetail": "Report-only evaluation completed."
  },
  "state": "NOT_EVALUATED",
  "reasonCode": "REPORT_ONLY_EVALUATED",
  "reasonDetail": "Report-only evaluation completed.",
  "durationSeconds": 0.371
}