{
  "tenant": "example",
  "controlId": "DisableUserConsentToApps",
  "action": "ensure_applied",
  "displayName": "Disable user consent to apps",
  "approved": true,
  "mode": "enforce",
  "state": "COMPLIANT",
  "reasonCode": "ENFORCER_EXECUTED",
  "reasonDetail": "Enforcer executed; post-state verified",
  "details": {
    "before": {
      "permissionGrantPoliciesAssigned": [
        "ManagePermissionGrantsForSelf.microsoft-user-default-recommended"
      ]
    },
    "desired": {
      "permissionGrantPoliciesAssigned": [
        "ManagePermissionGrantsForSelf.microsoft-user-default-recommended"
      ]
    },
    "apply": {
      "status": 204,
      "response": null
    },
    "after": {
      "permissionGrantPoliciesAssigned": [
        "ManagePermissionGrantsForSelf.microsoft-user-default-recommended"
      ]
    },
    "reasonCode": "ENFORCER_EXECUTED",
    "reasonDetail": "Enforcer executed; post-state verified"
  },
  "status": 204,
  "durationSeconds": 1.194
}