{
  "tenant": "example",
  "controlId": "AdminOwnedAppsRestricted",
  "action": "detect_only",
  "state": "DRIFTED",
  "displayName": "Restrict user owned apps and services",
  "mode": "detect-only",
  "status": 200,
  "scorePct": 0.0,
  "missingSecureScoreControlIds": null,
  "secureScoreControlId": "admincenter_owned_apps_and_services",
  "title": "Ensure 'User owned apps and services' is restricted",
  "implementationStatus": "'User owned apps and services' is [Not Measured]",
  "actionUrl": "https://learn.microsoft.com/en-us/microsoft-365/admin/manage/manage-addins-in-the-admin-center?view=o365-worldwide",
  "details": {
    "reasonCode": "DETECT_ONLY_EVALUATED",
    "reasonDetail": "detect-only registry control evaluated via Secure Score"
  },
  "fallbackDetector": null,
  "reason": "detect-only registry control (no enforcement implemented)",
  "reasonCode": "DETECT_ONLY_EVALUATED",
  "reasonDetail": "detect-only registry control evaluated via Secure Score",
  "durationSeconds": 0.0
}