{
  "tenant": "example",
  "controlId": "MDOSafeAttachments",
  "action": "detect_only",
  "state": "COMPLIANT",
  "displayName": "Defender for Office 365: Safe Attachments enabled (status check)",
  "mode": "detect-only",
  "status": 200,
  "details": {
    "policyCount": 1,
    "ruleCount": 1,
    "policies": [
      "Built-In Protection Policy"
    ],
    "note": "Safe Attachments detected via policy existence (rules not required for built-in protection)",
    "reasonCode": "DETECT_ONLY_EVALUATED",
    "reasonDetail": "Detect-only evaluation completed."
  },
  "reason": "standalone detect-only detector",
  "reasonCode": "DETECT_ONLY_EVALUATED",
  "reasonDetail": "Detect-only evaluation completed.",
  "durationSeconds": 0.0
}