{
  "tenant": "example",
  "controlId": "OneDriveSyncRestricted",
  "action": "detect_only",
  "state": "NOT_EVALUATED",
  "displayName": "OneDrive: Sync restricted to domain-joined devices (Secure Score)",
  "mode": "report-only",
  "status": 200,
  "scorePct": null,
  "missingSecureScoreControlIds": [
    "onedrive_sync_restricted"
  ],
  "secureScoreControlId": "OneDriveSyncRestricted",
  "title": "OneDrive: Sync restricted to domain-joined devices (Secure Score)",
  "implementationStatus": "",
  "actionUrl": "",
  "details": {
    "reasonCode": "FALLBACK_DETECTOR_EVALUATED",
    "reasonDetail": "Secure Score not exposed; evaluated via SharePoint tenant settings (SPO PowerShell)"
  },
  "fallbackDetector": {
    "name": "spo_tenant_settings",
    "result": {
      "ok": true,
      "error": null,
      "tenant": {
        "AllowedDomainGuids": null,
        "IdleSessionSignOutAfterSeconds": 0,
        "SharingBlockedDomainList": null,
        "IdleSessionSignOutEnabled": false,
        "DefaultSharingLinkType": 3,
        "PreventExternalUsersFromResharing": false,
        "SharingDomainRestrictionMode": 0,
        "OneDriveSharingCapability": 2,
        "RequireAnonymousLinksExpireInDays": -1,
        "SyncClientRestrictionEnabled": null,
        "DefaultLinkPermission": 0,
        "LegacyAuthProtocolsEnabled": true,
        "SharingAllowedDomainList": null,
        "IdleSessionSignOutWarnAfterSeconds": 0,
        "TenantSyncClientRestriction": {
          "AllowedDomainList": [],
          "GrooveBlockOption": null,
          "BlockMacSync": false,
          "TenantRestrictionEnabled": false
        },
        "SharingCapability": 2
      },
      "adminUrl": "https://6twcdy-admin.sharepoint.com",
      "exitCode": 0
    }
  },
  "reason": "detect-only registry control (no enforcement implemented)",
  "reasonCode": "FALLBACK_DETECTOR_EVALUATED",
  "reasonDetail": "Secure Score not exposed; evaluated via SharePoint tenant settings (SPO PowerShell)",
  "durationSeconds": 0.0
}