{
  "tenant": "example",
  "controlId": "CAAdminBlockLegacyAuth",
  "action": "ensure_skipped_no_drift",
  "displayName": "ATLAS - Block Legacy Auth (Admins)",
  "approved": true,
  "state": "COMPLIANT",
  "reasonCode": "ENFORCER_EXECUTED",
  "reason": "Conditional Access policy ensure result: skipped_no_drift",
  "mode": "enforce",
  "status": 200,
  "policyId": "371d1d61-5d46-487f-8a32-c167e8b3b27a",
  "payload": null,
  "errorBody": null,
  "errorText": null,
  "caDebug": {
    "seenCount": 8,
    "sampleNames": [
      "ATLAS - Risky Sign-in MFA (Report Only)",
      "ATLAS - Risky User Password Change (Report Only)",
      "ATLAS - Admin MFA (Report Only)",
      "ATLAS - Block Legacy Auth (Admins)"
    ],
    "matchedBy": "exact"
  },
  "details": {
    "reasonCode": "ENFORCER_EXECUTED",
    "reasonDetail": "Control evaluated as compliant."
  },
  "reasonDetail": "Control evaluated as compliant.",
  "durationSeconds": 0.827
}