{
  "tenant": "example",
  "controlId": "LimitedAdminRolesAzureManagement",
  "action": "detect_only",
  "state": "DRIFTED",
  "displayName": "Entra ID: Microsoft Azure Management limited to admin roles (Secure Score)",
  "mode": "detect-only",
  "status": 200,
  "details": {
    "servicePrincipal": {
      "id": "9526a235-534f-4e7e-a5e3-ecf92d15e27d",
      "displayName": "Azure Resource Manager",
      "appId": "797f4846-ba00-4fd7-ba43-dac1f8f63013",
      "appRoleAssignmentRequired": false
    },
    "reasonCode": "DETECT_ONLY_EVALUATED",
    "reasonDetail": "Detect-only evaluation completed."
  },
  "reason": "Graph detect: servicePrincipal(Microsoft Azure Management).appRoleAssignmentRequired",
  "reasonCode": "DETECT_ONLY_EVALUATED",
  "reasonDetail": "Detect-only evaluation completed.",
  "durationSeconds": 0.361
}