{
  "controlId": "MDOMailboxIntelligenceActionsConfigured",
  "name": "Defender for Office 365: Mailbox intelligence actions configured (Secure Score)",
  "category": "Email",
  "tier": 2,
  "mode": "report-only",
  "state": "DRIFTED",
  "reasonCode": "CUSTOM_DETECTOR_EVALUATED",
  "reasonDetail": "Evaluated via Exchange Online (AntiPhishPolicy mailbox intelligence protection action)",
  "details": {
    "policiesCount": 1,
    "policies": [
      {
        "MailboxIntelligenceProtectionAction": "NoAction",
        "EnableMailboxIntelligence": true,
        "EnableMailboxIntelligenceProtection": false,
        "identity": "Office365 AntiPhish Default"
      }
    ],
    "cmdletsUsed": [
      "Get-AntiPhishPolicy"
    ],
    "errors": {},
    "reasonCode": "CUSTOM_DETECTOR_EVALUATED",
    "reasonDetail": "Evaluated via Exchange Online (AntiPhishPolicy mailbox intelligence protection action)"
  },
  "tenant": "example",
  "durationSeconds": 6.148
}