{
  "controlId": "MDOTargetedDomainProtection",
  "name": "Defender for Office 365: Targeted domain impersonation protection enabled (Secure Score)",
  "category": "Email",
  "tier": 2,
  "mode": "report-only",
  "state": "NOT_EVALUATED",
  "reasonCode": "MISSING_DATA",
  "reasonDetail": "Targeted domain protection signals missing from one or more policies",
  "details": {
    "policiesCount": 1,
    "policies": [
      {
        "TargetedDomainProtectionAction": "NoAction",
        "EnableTargetedUserProtection": false,
        "TargetedUserProtectionAction": "NoAction",
        "EnableTargetedDomainsProtection": false,
        "identity": "Office365 AntiPhish Default"
      }
    ],
    "cmdletsUsed": [
      "Get-AntiPhishPolicy"
    ],
    "errors": {},
    "missingKeys": [
      "TargetedDomainsToProtect"
    ],
    "reasonCode": "MISSING_DATA",
    "reasonDetail": "Targeted domain protection signals missing from one or more policies"
  },
  "tenant": "example",
  "durationSeconds": 6.549
}