{
  "tenant": "example",
  "controlId": "AdminConsentWorkflowEnabled",
  "action": "detect_only",
  "state": "DRIFTED",
  "displayName": "Entra ID: Admin consent workflow enabled (Secure Score)",
  "mode": "detect-only",
  "status": 200,
  "details": {
    "isEnabled": false,
    "raw": {
      "@odata.context": "https://graph.microsoft.com/v1.0/$metadata#policies/adminConsentRequestPolicy/$entity",
      "isEnabled": false,
      "notifyReviewers": false,
      "remindersEnabled": false,
      "requestDurationInDays": 0,
      "version": 0,
      "reviewers": []
    },
    "reasonCode": "DETECT_ONLY_EVALUATED",
    "reasonDetail": "Detect-only evaluation completed."
  },
  "reason": "Graph detect: policies/adminConsentRequestPolicy.isEnabled",
  "reasonCode": "DETECT_ONLY_EVALUATED",
  "reasonDetail": "Detect-only evaluation completed.",
  "durationSeconds": 0.777
}