{
  "controlId": "EXOSPFRecordsAllDomains",
  "name": "Exchange Online: SPF records published for all domains",
  "category": "Email",
  "tier": 1,
  "mode": "report-only",
  "state": "COMPLIANT",
  "reasonCode": "CUSTOM_DETECTOR_EVALUATED",
  "reasonDetail": "Evaluated via Graph domains + DNS TXT lookup for v=spf1 (Python, bounded timeouts)",
  "details": {
    "domainCount": 1,
    "domainsReturnedCount": 1,
    "domainsTruncated": false,
    "cmdletsUsed": [],
    "errors": {},
    "checkedSamples": [
      {
        "domain": "6twcdy.onmicrosoft.com",
        "txtCount": 1,
        "hasSpf": true,
        "error": null
      }
    ],
    "missingSpfCount": 0,
    "missingSpfDomains": [],
    "reasonCode": "CUSTOM_DETECTOR_EVALUATED",
    "reasonDetail": "Evaluated via Graph domains + DNS TXT lookup for v=spf1 (Python, bounded timeouts)"
  },
  "tenant": "example",
  "durationSeconds": 0.398
}