{
  "tenant": "example",
  "controlId": "IntegratedAppsRestricted",
  "action": "detect_only",
  "state": "COMPLIANT",
  "displayName": "Restrict integrated applications access",
  "mode": "detect-only",
  "status": 200,
  "details": {
    "permissionGrantPoliciesAssigned": [
      "ManagePermissionGrantsForSelf.microsoft-user-default-recommended"
    ],
    "note": "Permission grant policies are assigned to the default user role (user consent is restricted).",
    "reasonCode": "DETECT_ONLY_EVALUATED",
    "reasonDetail": "Detect-only evaluation completed."
  },
  "reason": "Graph detect: policies/authorizationPolicy permissionGrantPoliciesAssigned (user consent restriction)",
  "reasonCode": "DETECT_ONLY_EVALUATED",
  "reasonDetail": "Detect-only evaluation completed.",
  "durationSeconds": 0.36
}