{
  "tenant": "example",
  "controlId": "AdminMFAV2",
  "action": "ensure_skipped_no_drift",
  "displayName": "ATLAS - Admin MFA (Report Only)",
  "approved": false,
  "mode": "report-only",
  "status": 200,
  "policyId": "90f344f4-d2b2-47e8-a841-cb71e01de2fd",
  "details": {
    "reasonCode": "REPORT_ONLY_EVALUATED",
    "reasonDetail": "Report-only evaluation completed."
  },
  "state": "NOT_EVALUATED",
  "reasonCode": "REPORT_ONLY_EVALUATED",
  "reasonDetail": "Report-only evaluation completed.",
  "durationSeconds": 0.396
}