{
  "tenant": "example",
  "controlId": "RoleOverlap",
  "action": "detect_only",
  "state": "COMPLIANT",
  "displayName": "Use least privileged administrative roles",
  "mode": "detect-only",
  "status": 200,
  "details": {
    "targetRoleNames": [
      "Application Administrator",
      "Authentication Policy Administrator",
      "Cloud Application Administrator",
      "Conditional Access Administrator",
      "Exchange Administrator",
      "Global Administrator",
      "Privileged Role Administrator",
      "Security Administrator",
      "SharePoint Administrator",
      "Teams Administrator",
      "User Administrator"
    ],
    "selectedRoleCount": 2,
    "userCountSeenInTargetRoles": 3,
    "overlapUsers": [],
    "overlapCount": 0,
    "reasonCode": "DETECT_ONLY_EVALUATED",
    "reasonDetail": "Detect-only evaluation completed."
  },
  "reason": "Graph detect: privileged directory role overlap (selected roles)",
  "reasonCode": "DETECT_ONLY_EVALUATED",
  "reasonDetail": "Detect-only evaluation completed.",
  "durationSeconds": 1.015
}